step,train_loss,val_loss
1.0,0.7512151658535003,1.2649278938770294
2.0,0.7151702523231507,
3.0,0.6925026535987854,
4.0,0.6747535586357116,
5.0,0.662704473733902,1.2073250114917755
6.0,0.6518669605255127,
7.0,0.6411115646362304,
8.0,0.6277267634868622,
9.0,0.6098633050918579,
10.0,0.5925053626298904,1.0620526671409607
11.0,0.5767483800649643,
12.0,0.5608399420976639,
13.0,0.5457561761140823,
14.0,0.531576406955719,
15.0,0.519121190905571,0.9721616357564926
16.0,0.5092597067356109,
17.0,0.5014630883932114,
18.0,0.49583934545516967,
19.0,0.49197799563407896,
20.0,0.48833954334259033,0.9330247044563293
21.0,0.4851986825466156,
22.0,0.4823433578014374,
23.0,0.4797035217285156,
24.0,0.47723503708839415,
25.0,0.47481856048107146,0.9115139096975327
26.0,0.4731955349445343,
27.0,0.4702664315700531,
28.0,0.46796649098396303,
29.0,0.4654603213071823,
30.0,0.46252450346946716,0.8845818042755127
31.0,0.45998031497001646,
32.0,0.4592645674943924,
33.0,0.4546525239944458,
34.0,0.4511460602283478,
35.0,0.4479969024658203,0.856872946023941
36.0,0.4446925073862076,
37.0,0.4410099357366562,
38.0,0.4378738820552826,
39.0,0.43500328063964844,
40.0,0.43127394318580625,0.8252478688955307
41.0,0.42817298173904417,
42.0,0.4252937316894531,
43.0,0.42188798189163207,
44.0,0.4181929141283035,
45.0,0.4148128807544708,0.7896963953971863
46.0,0.4115349352359772,
47.0,0.40758880972862244,
48.0,0.4047204256057739,
49.0,0.40265296697616576,
50.0,0.4032161861658096,0.7653144747018814
51.0,0.39866531193256377,
52.0,0.3952669233083725,
53.0,0.39285687506198885,
54.0,0.3908447057008743,
55.0,0.38907322883605955,0.7336960732936859
56.0,0.38717020452022555,
57.0,0.38576099276542664,
58.0,0.38405789732933043,
59.0,0.3828622311353683,
60.0,0.3814083218574524,0.7160060852766037
61.0,0.3799367606639862,
62.0,0.3786014229059219,
63.0,0.37736821472644805,
64.0,0.3765376999974251,
65.0,0.37707690596580506,0.7028481438755989
66.0,0.37631866335868835,
67.0,0.37387472987174986,
68.0,0.3716158136725426,
69.0,0.370205819606781,
70.0,0.36903626620769503,0.688321016728878
71.0,0.36792155504226687,
72.0,0.3669343262910843,
73.0,0.36599325835704805,
74.0,0.36510142385959626,
75.0,0.36404246389865874,0.6777613162994385
76.0,0.363453084230423,
77.0,0.36280906200408936,
78.0,0.361678808927536,
79.0,0.3608659625053406,
80.0,0.36013359427452085,0.6685948222875595
81.0,0.35927757918834685,
82.0,0.3584847837686539,
83.0,0.3578237980604172,
84.0,0.35703098475933076,
85.0,0.3562519997358322,0.6607893332839012
86.0,0.35560559034347533,
87.0,0.3549402475357056,
88.0,0.3545223593711853,
89.0,0.3549281656742096,
90.0,0.35351450443267823,0.6544991135597229
91.0,0.35264923274517057,
92.0,0.3522735208272934,
93.0,0.3528554230928421,
94.0,0.3518379271030426,
95.0,0.3543199345469475,0.6496782898902893
96.0,0.3516154170036316,
97.0,0.3512319356203079,
98.0,0.34976037591695786,
99.0,0.34766371697187426,
100.0,0.3465388357639313,0.6412375345826149
101.0,0.3456880211830139,
102.0,0.34486528784036635,
103.0,0.3441375344991684,
104.0,0.3434655278921127,
105.0,0.3427031755447388,0.633139505982399
106.0,0.341919532418251,
107.0,0.34112715125083926,
108.0,0.3403410851955414,
109.0,0.33978161215782166,
110.0,0.3389114856719971,0.6254668086767197
111.0,0.33804296851158144,
112.0,0.3372333914041519,
113.0,0.3364823818206787,
114.0,0.33560178577899935,
115.0,0.3347996950149536,0.6169355362653732
116.0,0.33398433327674865,
117.0,0.3332561731338501,
118.0,0.33251123428344725,
119.0,0.3316246420145035,
120.0,0.33064078390598295,0.6084785312414169
121.0,0.3298298716545105,
122.0,0.32914728224277495,
123.0,0.32830232977867124,
124.0,0.3273767650127411,
125.0,0.3267837271094322,0.6003749892115593
126.0,0.3255618721246719,
127.0,0.32446483373641966,
128.0,0.3236194163560867,
129.0,0.32302697002887726,
130.0,0.3228524088859558,0.5947867706418037
131.0,0.32239030599594115,
132.0,0.3209546610713005,
133.0,0.3201285064220428,
134.0,0.3189370512962341,
135.0,0.31762507259845735,0.5830919221043587
136.0,0.31686072498559953,
137.0,0.3159378796815872,
138.0,0.31489511132240294,
139.0,0.3139498561620712,
140.0,0.3129759952425957,0.5732296258211136
141.0,0.31221731603145597,
142.0,0.31160984486341475,
143.0,0.31111474633216857,
144.0,0.3100870609283447,
145.0,0.3090732365846634,0.5649327486753464
146.0,0.30819772034883497,
147.0,0.30730382204055784,
148.0,0.3064625471830368,
149.0,0.3056579068303108,
150.0,0.3045156329870224,0.5570471882820129
151.0,0.3037959456443787,
152.0,0.3031171515583992,
153.0,0.301900252699852,
154.0,0.3016647696495056,
155.0,0.30157447308301927,0.5493752062320709
156.0,0.2998614370822906,
157.0,0.2995315074920654,
158.0,0.2989568993449211,
159.0,0.29749178886413574,
160.0,0.29665174037218095,0.5414112210273743
161.0,0.2959338158369064,
162.0,0.29506905823946,
163.0,0.2942808225750923,
164.0,0.29313122034072875,
165.0,0.29235554933547975,0.5340788960456848
166.0,0.29180725663900375,
167.0,0.2907536387443542,
168.0,0.29029909521341324,
169.0,0.2895467668771744,
170.0,0.28857276439666746,0.5269435048103333
171.0,0.28815566301345824,
172.0,0.2874282687902451,
173.0,0.2867660909891129,
174.0,0.286043818295002,
175.0,0.2852807521820068,0.5206063911318779
176.0,0.2845860466361046,
177.0,0.28378955125808714,
178.0,0.2831415832042694,
179.0,0.2827425256371498,
180.0,0.28282441943883896,0.5149295032024384
181.0,0.28212850242853166,
182.0,0.28128014504909515,
183.0,0.28047131299972533,
184.0,0.27995857447385786,
185.0,0.2794995754957199,0.509316012263298
186.0,0.2787752538919449,
187.0,0.2777965173125267,
188.0,0.2773658484220505,
189.0,0.27656899988651273,
190.0,0.2762422576546669,0.5040584579110146
191.0,0.2763817846775055,
192.0,0.2758749470114708,
193.0,0.2747438818216324,
194.0,0.27391764223575593,
195.0,0.2733553260564804,0.49835817515850067
196.0,0.2726670727133751,
197.0,0.2720953419804573,
198.0,0.2717138543725014,
199.0,0.2711469233036041,
200.0,0.2705171018838882,0.49287210404872894
201.0,0.2701033025979996,
202.0,0.2693411991000175,
203.0,0.2690004572272301,
204.0,0.2682558536529541,
205.0,0.26804438382387163,0.4877275377511978
206.0,0.2671572774648666,
207.0,0.2667694628238678,
208.0,0.266255384683609,
209.0,0.2657825112342834,
210.0,0.2662089064717293,0.4831028878688812
211.0,0.2649435043334961,
212.0,0.2649122282862663,
213.0,0.26660051494836806,
214.0,0.2652222216129303,
215.0,0.2652040347456932,0.4818916842341423
216.0,0.26368900388479233,
217.0,0.26250698417425156,
218.0,0.26206895858049395,
219.0,0.2613504007458687,
220.0,0.26084538996219636,0.47506704926490784
221.0,0.2603227525949478,
222.0,0.2599141076207161,
223.0,0.25938827395439146,
224.0,0.25896365791559217,
225.0,0.2587074264883995,0.47042425721883774
226.0,0.25882676541805266,
227.0,0.25888463109731674,
228.0,0.2577521339058876,
229.0,0.25733195096254347,
230.0,0.25680179595947267,0.4670235589146614
231.0,0.25676715523004534,
232.0,0.2563560470938683,
233.0,0.2558089181780815,
234.0,0.25528028309345246,
235.0,0.2549396947026253,0.46340417861938477
236.0,0.25467757135629654,
237.0,0.2541984707117081,
238.0,0.25391602218151094,
239.0,0.2535794645547867,
240.0,0.2532684043049812,0.45938216894865036
241.0,0.25253493785858155,
242.0,0.25234347581863403,
243.0,0.25228155851364137,
244.0,0.2530235558748245,
245.0,0.2530980944633484,0.4578472822904587
246.0,0.2518620014190674,
247.0,0.2508287772536278,
248.0,0.2505472391843796,
249.0,0.24986201524734497,
250.0,0.24945256412029265,0.4529176205396652
251.0,0.24898450672626496,
252.0,0.2487962782382965,
253.0,0.24895032793283461,
254.0,0.24829018861055374,
255.0,0.2477741852402687,0.45008157938718796
256.0,0.24741369634866714,
257.0,0.24723559916019439,
258.0,0.24710419178009033,
259.0,0.24751833826303482,
260.0,0.24670496582984924,0.44741340726614
261.0,0.24602656662464142,
262.0,0.2457444041967392,
263.0,0.24536567479372023,
264.0,0.2454138770699501,
265.0,0.24553204327821732,0.4447082430124283
266.0,0.2449811577796936,
267.0,0.2445721685886383,
268.0,0.24473317712545395,
269.0,0.24387266635894775,
270.0,0.2433968484401703,0.4412083923816681
271.0,0.24287712424993516,
272.0,0.24256205409765244,
273.0,0.24246263951063157,
274.0,0.24226878583431244,
275.0,0.24187638163566588,0.4384850859642029
276.0,0.2415131598711014,
277.0,0.2412339925765991,
278.0,0.24115806818008423,
279.0,0.24072147011756898,
280.0,0.24055482894182206,0.4365614503622055
281.0,0.24151390194892883,
282.0,0.24082404226064683,
283.0,0.2401888206601143,
284.0,0.24002134054899216,
285.0,0.23954590559005737,0.43324654549360275
286.0,0.2393376812338829,
287.0,0.23892717063426971,
288.0,0.23862808644771577,
289.0,0.23838185369968415,
290.0,0.23925524204969406,0.4314887747168541
291.0,0.2384672209620476,
292.0,0.23797524720430374,
293.0,0.23782030940055848,
294.0,0.23809008151292801,
295.0,0.2378091335296631,0.42984917759895325
296.0,0.23864398002624512,
297.0,0.23770759999752045,
298.0,0.23708222955465316,
299.0,0.2363929733633995,
300.0,0.23587944656610488,0.4269565939903259
301.0,0.23553351908922196,
302.0,0.23524021059274675,
303.0,0.2351137489080429,
304.0,0.23476919382810593,
305.0,0.23486270159482955,0.4245246648788452
306.0,0.23544285744428634,
307.0,0.2352568745613098,
308.0,0.23523999750614166,
309.0,0.23462959825992585,
310.0,0.2342109575867653,0.42298397421836853
311.0,0.2336922749876976,
312.0,0.23334446400403977,
313.0,0.23328315913677217,
314.0,0.2328123554587364,
315.0,0.23259429335594178,0.4202486649155617
316.0,0.23249329328536988,
317.0,0.23230274319648742,
318.0,0.2319547340273857,
319.0,0.2316967412829399,
320.0,0.23186288326978682,0.41828564554452896
321.0,0.23147135972976685,
322.0,0.2312419593334198,
323.0,0.23113684207201005,
324.0,0.23128902465105056,
325.0,0.23082429468631743,0.4169640764594078
326.0,0.23147759735584258,
327.0,0.2311728999018669,
328.0,0.2305649474263191,
329.0,0.2299402415752411,
330.0,0.22984045147895812,0.41469283401966095
331.0,0.23010639399290084,
332.0,0.22998050600290298,
333.0,0.22994716912508012,
334.0,0.2296806737780571,
335.0,0.2293435201048851,0.4142594113945961
336.0,0.2290102571249008,
337.0,0.22866535782814026,
338.0,0.22859901934862137,
339.0,0.22831426560878754,
340.0,0.22807631492614747,0.41120604425668716
341.0,0.22797127962112426,
342.0,0.2278669998049736,
343.0,0.22852735817432404,
344.0,0.22788239717483522,
345.0,0.22742412537336348,0.4105124920606613
346.0,0.22727838456630706,
347.0,0.22782677859067918,
348.0,0.2292262777686119,
349.0,0.2275898575782776,
350.0,0.2268188402056694,0.40864671021699905
351.0,0.22639953941106797,
352.0,0.22609842270612718,
353.0,0.2260282352566719,
354.0,0.2260615721344948,
355.0,0.22587291449308394,0.4072924703359604
356.0,0.22571928501129152,
357.0,0.22543578147888182,
358.0,0.225519160926342,
359.0,0.22548393160104752,
360.0,0.2252022385597229,0.4061175510287285
361.0,0.2252255156636238,
362.0,0.22564619928598403,
363.0,0.22525014728307724,
364.0,0.22512514740228654,
365.0,0.22528729289770127,0.40490374714136124
366.0,0.22464620172977448,
367.0,0.22414975762367248,
368.0,0.22410790175199508,
369.0,0.2239159420132637,
370.0,0.2239971026778221,0.4036068767309189
371.0,0.22379421293735505,
372.0,0.22353410273790358,
373.0,0.22330302447080613,
374.0,0.22312616258859636,
375.0,0.22305694073438645,0.4016215205192566
376.0,0.22314051389694214,
377.0,0.22465214878320694,
378.0,0.2242622494697571,
379.0,0.22420220524072648,
380.0,0.2237767219543457,0.4017004817724228
381.0,0.22292377352714537,
382.0,0.2226074978709221,
383.0,0.2224128946661949,
384.0,0.2222067803144455,
385.0,0.2219520017504692,0.39988740533590317
386.0,0.22190240174531936,
387.0,0.22177805453538896,
388.0,0.22142114043235778,
389.0,0.22114163339138032,
390.0,0.22109108567237853,0.3982468247413635
391.0,0.220899398624897,
392.0,0.22069431692361832,
393.0,0.22073737382888795,
394.0,0.22070725858211518,
395.0,0.22038868367671965,0.39710045605897903
396.0,0.22019377648830413,
397.0,0.22059608846902848,
398.0,0.22032623440027238,
399.0,0.21996137350797654,
400.0,0.2200318992137909,0.39605455100536346
401.0,0.22010150849819182,
402.0,0.22006452679634095,
403.0,0.2198755294084549,
404.0,0.2202696144580841,
405.0,0.219822895526886,0.39587802439928055
406.0,0.22033081948757172,
407.0,0.22210218757390976,
408.0,0.2210858002305031,
409.0,0.22057317495346068,
410.0,0.21967153400182723,0.3954312354326248
411.0,0.21943154633045198,
412.0,0.21939719319343567,
413.0,0.21895787119865417,
414.0,0.21870435923337936,
415.0,0.21847940534353255,0.3932206332683563
416.0,0.21824916452169418,
417.0,0.21808285862207413,
418.0,0.2179632380604744,
419.0,0.21777260452508926,
420.0,0.217795792222023,0.3921297490596771
421.0,0.21763276308774948,
422.0,0.21771899610757828,
423.0,0.2174956426024437,
424.0,0.21734509617090225,
425.0,0.21776810437440872,0.3920309245586395
426.0,0.21764388382434846,
427.0,0.21748124063014984,
428.0,0.21743744611740112,
429.0,0.21741390377283096,
430.0,0.2178986370563507,0.3917175829410553
431.0,0.2175630271434784,
432.0,0.2171905979514122,
433.0,0.21724447160959243,
434.0,0.21855412423610687,
435.0,0.21798168420791625,0.391019731760025
436.0,0.21692637652158736,
437.0,0.21634646207094194,
438.0,0.21624861061573028,
439.0,0.21609139293432236,
440.0,0.21599089801311494,0.3886910378932953
441.0,0.2159460574388504,
442.0,0.21577552258968352,
443.0,0.2158221110701561,
444.0,0.21584514677524566,
445.0,0.21580586433410645,0.38811537623405457
446.0,0.21579378396272658,
447.0,0.21660871654748917,
448.0,0.21619900166988373,
449.0,0.2164422258734703,
450.0,0.2169970914721489,0.3887787386775017
451.0,0.21582735031843187,
452.0,0.215288969874382,
453.0,0.21521268039941788,
454.0,0.21498887240886688,
455.0,0.2146301344037056,0.38633348047733307
456.0,0.2145244896411896,
457.0,0.214516544342041,
458.0,0.2146143928170204,
459.0,0.21462938338518142,
460.0,0.21532643288373948,0.3858627527952194
461.0,0.21506079882383347,
462.0,0.21641627252101897,
463.0,0.21526316106319426,
464.0,0.21516479849815368,
465.0,0.21472680419683457,0.3860805854201317
466.0,0.21431407630443572,
467.0,0.21383557170629502,
468.0,0.2137669652700424,
469.0,0.213834547996521,
470.0,0.2140031024813652,0.38488370925188065
471.0,0.2135694816708565,
472.0,0.2133284628391266,
473.0,0.21312181949615477,
474.0,0.21321130841970443,
475.0,0.21311922520399093,0.38330820202827454
476.0,0.21297046691179275,
477.0,0.2126971200108528,
478.0,0.21281601041555404,
479.0,0.2128767639398575,
480.0,0.21316317319869996,0.38265174627304077
481.0,0.21333367377519608,
482.0,0.2140399232506752,
483.0,0.21505052894353865,
484.0,0.21442890614271165,
485.0,0.2138206660747528,0.38384200632572174
486.0,0.21297323554754258,
487.0,0.21246352344751357,
488.0,0.21208650916814803,
489.0,0.21193164736032485,
490.0,0.2120658501982689,0.3815205618739128
491.0,0.2119198128581047,
492.0,0.211699678003788,
493.0,0.21160028874874115,
494.0,0.21171126812696456,
495.0,0.2115917131304741,0.3806934207677841
496.0,0.21168604344129563,
497.0,0.21150099486112595,
498.0,0.21136540472507476,
499.0,0.21128516346216203,
500.0,0.21135396063327788,0.3801559880375862
501.0,0.21131658405065537,
502.0,0.2114857792854309,
503.0,0.21223049610853195,
504.0,0.21153918504714966,
505.0,0.21116514801979064,0.37955234944820404
506.0,0.2114045351743698,
507.0,0.21168696582317353,
508.0,0.21185237914323807,
509.0,0.21289585083723067,
510.0,0.21180272549390794,0.3797379359602928
511.0,0.2109866812825203,
512.0,0.21051258146762847,
513.0,0.21051762849092484,
514.0,0.21033863723278046,
515.0,0.21026444286108018,0.3784109205007553
516.0,0.21021175384521484,
517.0,0.21006484031677247,
518.0,0.21010093986988068,
519.0,0.21002560555934907,
520.0,0.20996759235858917,0.3778168186545372
521.0,0.20991916805505753,
522.0,0.21006924510002137,
523.0,0.2101239815354347,
524.0,0.21090709418058395,
525.0,0.2116302505135536,0.3785536512732506
526.0,0.21252172589302062,
527.0,0.21418866664171218,
528.0,0.21274493187665938,
529.0,0.2113466426730156,
530.0,0.21001429855823517,0.37769174575805664
531.0,0.20965079665184022,
532.0,0.2095197930932045,
533.0,0.20932365208864212,
534.0,0.20910100787878036,
535.0,0.20901973843574523,0.37619876861572266
536.0,0.20884157568216324,
537.0,0.20875201523303985,
538.0,0.20864378064870834,
539.0,0.20857170224189758,
540.0,0.20864179134368896,0.37543193995952606
541.0,0.20857100933790207,
542.0,0.20844219475984574,
543.0,0.20843719094991683,
544.0,0.2083110526204109,
545.0,0.20827447175979613,0.374799408018589
546.0,0.20838844776153564,
547.0,0.2081651583313942,
548.0,0.20813723355531694,
549.0,0.2079479232430458,
550.0,0.20787043869495392,0.37373511493206024
551.0,0.20783642679452896,
552.0,0.20791832804679872,
553.0,0.2077767163515091,
554.0,0.208033949136734,
555.0,0.20794700980186462,0.3735267445445061
556.0,0.20819468200206756,
557.0,0.20805222392082215,
558.0,0.20768193155527115,
559.0,0.2075914666056633,
560.0,0.20826780945062637,0.37331732362508774
561.0,0.20804808139801026,
562.0,0.20758256912231446,
563.0,0.20743063390254973,
564.0,0.20738308280706405,
565.0,0.20809565633535385,0.3745412826538086
566.0,0.20789676308631896,
567.0,0.2078119233250618,
568.0,0.20770252794027327,
569.0,0.20719422698020934,
570.0,0.2069617971777916,0.3722321465611458
571.0,0.20679316222667693,
572.0,0.20686227977275848,
573.0,0.20803653597831726,
574.0,0.20786847472190856,
575.0,0.2076974928379059,0.3730267062783241
576.0,0.2072034254670143,
577.0,0.2067241534590721,
578.0,0.2064684122800827,
579.0,0.2064875528216362,
580.0,0.20629332661628724,0.3709220364689827
581.0,0.20620533376932143,
582.0,0.20612361431121826,
583.0,0.20601370334625244,
584.0,0.20622269213199615,
585.0,0.20654119104146956,0.37108537554740906
586.0,0.20644839107990265,
587.0,0.2062635228037834,
588.0,0.20622067600488664,
589.0,0.20609499663114547,
590.0,0.20643524080514908,0.3710554465651512
591.0,0.2069629818201065,
592.0,0.2065023273229599,
593.0,0.206089648604393,
594.0,0.20644022822380065,
595.0,0.20628937035799028,0.37138256430625916
596.0,0.206297467648983,
597.0,0.2057817816734314,
598.0,0.2059888482093811,
599.0,0.20621402859687804,
600.0,0.2058164581656456,0.3692639544606209
601.0,0.20537457764148712,
602.0,0.20522578060626984,
603.0,0.20513840466737748,
604.0,0.20502903163433076,
605.0,0.20562886744737624,0.36937645077705383
606.0,0.20570630431175232,
607.0,0.20552990734577178,
608.0,0.20533271431922911,
609.0,0.20505328178405763,
610.0,0.20488837510347366,0.36817580461502075
611.0,0.20462025701999664,
612.0,0.2046527862548828,
613.0,0.20461925417184829,
614.0,0.20468356013298034,
615.0,0.20465757697820663,0.36775950342416763
616.0,0.2047047883272171,
617.0,0.204549577832222,
618.0,0.20459715723991395,
619.0,0.20466085523366928,
620.0,0.20453979820013046,0.3672391250729561
621.0,0.2043459013104439,
622.0,0.20448603928089143,
623.0,0.20519995987415313,
624.0,0.21491800546646117,
625.0,0.2116643562912941,0.37351253628730774
626.0,0.20799626559019088,
627.0,0.20561101734638215,
628.0,0.20472428500652312,
629.0,0.20414444357156752,
630.0,0.20390094816684723,0.367812842130661
631.0,0.2039523646235466,
632.0,0.20375657230615615,
633.0,0.2037625640630722,
634.0,0.2036013901233673,
635.0,0.20359861552715303,0.36646851152181625
636.0,0.20353332608938218,
637.0,0.20354942977428436,
638.0,0.2037644386291504,
639.0,0.20362386256456375,
640.0,0.20346170514822007,0.3662542551755905
641.0,0.20342621356248855,
642.0,0.20335005968809128,
643.0,0.2033264622092247,
644.0,0.20311685800552368,
645.0,0.20326317995786666,0.3657740354537964
646.0,0.2031681090593338,
647.0,0.20359686464071275,
648.0,0.20358292907476425,
649.0,0.203440859913826,
650.0,0.20334281176328659,0.36561447381973267
651.0,0.20322346389293672,
652.0,0.2029629737138748,
653.0,0.20351420640945433,
654.0,0.20431042462587357,
655.0,0.20389214158058167,0.3662683516740799
656.0,0.20351996272802353,
657.0,0.2030104711651802,
658.0,0.20295967161655426,
659.0,0.20299234390258789,
660.0,0.20280481725931168,0.3644511476159096
661.0,0.20262532085180282,
662.0,0.202701635658741,
663.0,0.20254489481449128,
664.0,0.20240487903356552,
665.0,0.20248185843229294,0.36371123045682907
666.0,0.20235098898410797,
667.0,0.20240815728902817,
668.0,0.20223356932401657,
669.0,0.2027386337518692,
670.0,0.20259881913661956,0.364149771630764
671.0,0.20246731042861937,
672.0,0.20288198739290236,
673.0,0.20299174636602402,
674.0,0.20292586982250213,
675.0,0.20215499997138978,0.3634583204984665
676.0,0.20216895043849945,
677.0,0.2021675631403923,
678.0,0.20216090679168702,
679.0,0.20242688804864883,
680.0,0.20234244763851167,0.36258813738822937
681.0,0.20177666693925858,
682.0,0.20170027315616607,
683.0,0.20156038403511048,
684.0,0.20141827315092087,
685.0,0.20126386880874633,0.3621418848633766
686.0,0.20128979682922363,
687.0,0.20141931176185607,
688.0,0.2013334959745407,
689.0,0.2012260526418686,
690.0,0.20135610699653625,0.3624120503664017
691.0,0.20169596821069719,
692.0,0.20138653814792634,
693.0,0.20126419216394426,
694.0,0.20135850757360457,
695.0,0.20178038775920867,0.3626825883984566
696.0,0.20139063894748688,
697.0,0.2011127158999443,
698.0,0.2010212555527687,
699.0,0.20083981603384018,
700.0,0.2008301019668579,0.36111951246857643
701.0,0.20144126564264297,
702.0,0.20106460601091386,
703.0,0.20107596814632417,
704.0,0.20122260600328445,
705.0,0.20180668979883193,0.36246900260448456
706.0,0.20177739560604097,
707.0,0.20083658993244172,
708.0,0.20097089409828187,
709.0,0.20086115151643752,
710.0,0.2007337376475334,0.3607471287250519
711.0,0.20052821785211564,
712.0,0.20048854053020476,
713.0,0.20022935867309571,
714.0,0.20012039244174956,
715.0,0.20098119229078293,0.36139239370822906
716.0,0.2006978914141655,
717.0,0.20105250626802446,
718.0,0.20158596634864806,
719.0,0.20428530126810074,
720.0,0.2057676136493683,0.3626568615436554
721.0,0.203059820830822,
722.0,0.2021512821316719,
723.0,0.2007663741707802,
724.0,0.2003727599978447,
725.0,0.2003613993525505,0.3603728339076042
726.0,0.20016770660877228,
727.0,0.19993325024843217,
728.0,0.1997899293899536,
729.0,0.19967179745435715,
730.0,0.19954138100147248,0.3593055307865143
731.0,0.19971783459186554,
732.0,0.1997025266289711,
733.0,0.19960320740938187,
734.0,0.1995173767209053,
735.0,0.19953501969575882,0.3591541573405266
736.0,0.19940937012434007,
737.0,0.19945448786020278,
738.0,0.2005373865365982,
739.0,0.20013952106237412,
740.0,0.20015555173158645,0.35922255739569664
741.0,0.20030711740255355,
742.0,0.20137525200843812,
743.0,0.20049996972084044,
744.0,0.19958635866642,
745.0,0.1992431938648224,0.3582528233528137
746.0,0.19899388104677201,
747.0,0.19895164519548417,
748.0,0.19880941808223723,
749.0,0.19884445518255234,
750.0,0.19914558082818984,0.3581053651869297
751.0,0.19919412732124328,
752.0,0.19918298572301865,
753.0,0.1995922088623047,
754.0,0.19921767264604567,
755.0,0.19894651025533677,0.3581272214651108
756.0,0.1998982846736908,
757.0,0.19949971139431,
758.0,0.1991951808333397,
759.0,0.19955185800790787,
760.0,0.19909237176179886,0.35774778947234154
761.0,0.19874325543642044,
762.0,0.19877838641405104,
763.0,0.19876660108566285,
764.0,0.19895820170640946,
765.0,0.19957900494337083,0.3599512353539467
766.0,0.20045971125364304,
767.0,0.2006589278578758,
768.0,0.1996250182390213,
769.0,0.19907671809196473,
770.0,0.19842020869255067,0.3573366589844227
771.0,0.1982513979077339,
772.0,0.19806817620992662,
773.0,0.19803303033113479,
774.0,0.19797830581665038,
775.0,0.19802030473947524,0.35634739324450493
776.0,0.19820224195718766,
777.0,0.19834161698818206,
778.0,0.19806183129549026,
779.0,0.19798446744680404,
780.0,0.19833904802799224,0.35785845667123795
781.0,0.19965974539518355,
782.0,0.19908171892166138,
783.0,0.19830424040555955,
784.0,0.19790097177028657,
785.0,0.1976885423064232,0.35572801902890205
786.0,0.19774785935878753,
787.0,0.1975988879799843,
788.0,0.19769613444805145,
789.0,0.19760272800922393,
790.0,0.19752112478017808,0.3554469980299473
791.0,0.19759174436330795,
792.0,0.19754188656806945,
793.0,0.19805849641561507,
794.0,0.1977209582924843,
795.0,0.19747407138347625,0.3549001067876816
796.0,0.197570239007473,
797.0,0.19747345596551896,
798.0,0.19760679826140404,
799.0,0.19757687896490098,
800.0,0.1974664345383644,0.3547824062407017
801.0,0.19753333181142807,
802.0,0.19851391166448593,
803.0,0.19846668392419814,
804.0,0.19974659383296967,
805.0,0.20331480354070663,0.3615094721317291
806.0,0.20114070177078247,
807.0,0.19865085035562516,
808.0,0.19748168289661408,
809.0,0.19722800850868225,
810.0,0.1970791056752205,0.35469377785921097
811.0,0.1971565827727318,
812.0,0.19699542075395585,
813.0,0.19680130183696748,
814.0,0.1967243328690529,
815.0,0.1969580754637718,0.3539935424923897
816.0,0.19682211428880692,
817.0,0.19694628864526748,
818.0,0.19670367985963821,
819.0,0.19663386642932892,
820.0,0.19680869430303574,0.3537513166666031
821.0,0.19656366258859634,
822.0,0.19652386605739594,
823.0,0.1964456021785736,
824.0,0.19665645509958268,
825.0,0.19693603217601777,0.35393932089209557
826.0,0.19675736725330353,
827.0,0.19697980284690858,
828.0,0.19730372428894044,
829.0,0.19673045426607133,
830.0,0.19663523733615876,0.3532060533761978
831.0,0.19658447355031966,
832.0,0.19639043360948563,
833.0,0.19626326560974122,
834.0,0.19653626829385756,
835.0,0.1964043214917183,0.3529117591679096
836.0,0.19621071666479112,
837.0,0.19614964425563813,
838.0,0.19622425436973573,
839.0,0.19638803452253342,
840.0,0.19654668271541595,0.3532559312880039
841.0,0.19651390612125397,
842.0,0.1965957224369049,
843.0,0.19640084207057953,
844.0,0.19655266404151917,
845.0,0.1961180478334427,0.35280661284923553
846.0,0.19615567475557327,
847.0,0.196001772582531,
848.0,0.19579624235630036,
849.0,0.19620634764432907,
850.0,0.19628302454948426,0.3524353429675102
851.0,0.19597226828336717,
852.0,0.19588132649660112,
853.0,0.19575004577636718,
854.0,0.1956319257616997,
855.0,0.19598599672317504,0.3537862040102482
856.0,0.1968963101506233,
857.0,0.19619847238063812,
858.0,0.19684168696403503,
859.0,0.19613704830408096,
860.0,0.19577883332967758,0.35167891159653664
861.0,0.19569312334060668,
862.0,0.1957906886935234,
863.0,0.19551731944084166,
864.0,0.19558187574148178,
865.0,0.19586067348718644,0.35175560414791107
866.0,0.19550641179084777,
867.0,0.19517728984355925,
868.0,0.19546933323144913,
869.0,0.19643028527498246,
870.0,0.19640775322914122,0.35164593160152435
871.0,0.19581496268510817,
872.0,0.19618739634752275,
873.0,0.19568943679332734,
874.0,0.19506049901247025,
875.0,0.19511477798223495,0.3515114337205887
876.0,0.1950881987810135,
877.0,0.19490199238061906,
878.0,0.19507917612791062,
879.0,0.1951408013701439,
880.0,0.19496876299381255,0.3514975942671299
881.0,0.1951269045472145,
882.0,0.19474322348833084,
883.0,0.19463471025228501,
884.0,0.19464864879846572,
885.0,0.19457660913467406,0.35011644661426544
886.0,0.1951098173856735,
887.0,0.19529969394207,
888.0,0.1951245814561844,
889.0,0.1946972355246544,
890.0,0.1947663590312004,0.35077883303165436
891.0,0.19478752017021178,
892.0,0.19458092302083968,
893.0,0.1944124072790146,
894.0,0.19454774260520935,
895.0,0.19510608911514282,0.35101521387696266
896.0,0.19504061341285706,
897.0,0.19557775408029557,
898.0,0.19492631107568742,
899.0,0.19436064958572388,
900.0,0.1942263126373291,0.3493398576974869
901.0,0.1943121701478958,
902.0,0.19408266991376877,
903.0,0.19401459991931916,
904.0,0.19404920786619187,
905.0,0.19404845237731932,0.349396038800478
906.0,0.19421109408140183,
907.0,0.19416710287332534,
908.0,0.19509043991565705,
909.0,0.1947126492857933,
910.0,0.19408753663301467,0.34871215373277664
911.0,0.19426572024822236,
912.0,0.19393669068813324,
913.0,0.19416671693325044,
914.0,0.19415964484214782,
915.0,0.19447839260101318,0.3490679934620857
916.0,0.19498405158519744,
917.0,0.19475734680891038,
918.0,0.19475790560245515,
919.0,0.1940942957997322,
920.0,0.19388024061918258,0.34825827926397324
921.0,0.19370767921209336,
922.0,0.1936794713139534,
923.0,0.1936507910490036,
924.0,0.19353062957525252,
925.0,0.1937968209385872,0.3480229526758194
926.0,0.19364556968212127,
927.0,0.19358196556568147,
928.0,0.19351120740175248,
929.0,0.19331907033920287,
930.0,0.1936420828104019,0.3479928486049175
931.0,0.19350101053714752,
932.0,0.19344416111707688,
933.0,0.19330421835184097,
934.0,0.1931134954094887,
935.0,0.19316981881856918,0.34725313633680344
936.0,0.19352837800979614,
937.0,0.1943116456270218,
938.0,0.19392491281032562,
939.0,0.19324142038822173,
940.0,0.193681238591671,0.3498711884021759
941.0,0.19426092207431794,
942.0,0.19341948479413987,
943.0,0.19331206381320953,
944.0,0.19340990036725997,
945.0,0.19313427805900574,0.3472152091562748
946.0,0.1931060329079628,
947.0,0.1927817851305008,
948.0,0.19271930754184724,
949.0,0.19268347322940826,
950.0,0.19275124222040177,0.3467249795794487
951.0,0.19261953085660935,
952.0,0.1930081307888031,
953.0,0.1930442824959755,
954.0,0.19425560235977174,
955.0,0.1940231129527092,0.3478526622056961
956.0,0.19339717477560042,
957.0,0.19292443841695786,
958.0,0.1925318196415901,
959.0,0.19253565222024918,
960.0,0.1925262153148651,0.3459951803088188
961.0,0.1929134175181389,
962.0,0.19264751225709914,
963.0,0.1925392210483551,
964.0,0.19260258078575135,
965.0,0.19249236732721328,0.34574274718761444
966.0,0.1923004448413849,
967.0,0.19248885810375213,
968.0,0.19248672127723693,
969.0,0.19245171993970872,
970.0,0.19287636131048203,0.34614671021699905
971.0,0.19289049804210662,
972.0,0.19398543536663054,
973.0,0.19333423674106598,
974.0,0.19256507456302643,
975.0,0.19242427200078965,0.3463098183274269
976.0,0.19291488230228424,
977.0,0.19422242790460587,
978.0,0.19284270107746124,
979.0,0.19228301346302032,
980.0,0.19201374053955078,0.34526252374053
981.0,0.19189436137676238,
982.0,0.19205074459314347,
983.0,0.19231066554784776,
984.0,0.19217936992645263,
985.0,0.19327053874731065,0.34677910432219505
986.0,0.19360011368989943,
987.0,0.1935858592391014,
988.0,0.1932739108800888,
989.0,0.19217516630887985,
990.0,0.19203923791646957,0.3456229865550995
991.0,0.19193698167800904,
992.0,0.19171862453222274,
993.0,0.19149841070175172,
994.0,0.19162842035293579,
995.0,0.1915657714009285,0.3444250710308552
996.0,0.1915503278374672,
997.0,0.1915280982851982,
998.0,0.19168992340564728,
999.0,0.19181146770715712,
1000.0,0.19184603542089462,0.344410240650177
1001.0,0.19217632710933685,
1002.0,0.19202601462602614,
1003.0,0.19168068170547486,
1004.0,0.19152648150920867,
1005.0,0.19154881834983825,0.34570084512233734
1006.0,0.19253062307834626,
1007.0,0.19187992215156555,
1008.0,0.19151388555765153,
1009.0,0.1915418639779091,
1010.0,0.1917934760451317,0.3445853441953659
1011.0,0.19481604993343354,
1012.0,0.1990586742758751,
1013.0,0.19438497871160507,
1014.0,0.19282542169094086,
1015.0,0.19186053276062012,0.34458356350660324
1016.0,0.1912352755665779,
1017.0,0.19104913026094436,
1018.0,0.19090014100074768,
1019.0,0.19080519080162048,
1020.0,0.1908358469605446,0.3433128595352173
1021.0,0.19079742282629014,
1022.0,0.19080251455307007,
1023.0,0.19078253954648972,
1024.0,0.19078188985586167,
1025.0,0.19074517190456391,0.3432435691356659
1026.0,0.19078803062438965,
1027.0,0.190945366024971,
1028.0,0.1920638710260391,
1029.0,0.19153477847576142,
1030.0,0.19141973406076432,0.3436424992978573
1031.0,0.19128265231847763,
1032.0,0.19097028225660323,
1033.0,0.19082361310720444,
1034.0,0.1908139929175377,
1035.0,0.19063518494367598,0.3428494557738304
1036.0,0.19062807708978652,
1037.0,0.19057281762361528,
1038.0,0.19065750539302825,
1039.0,0.1908099740743637,
1040.0,0.1912127450108528,0.34298745542764664
1041.0,0.19089901745319365,
1042.0,0.19063926488161087,
1043.0,0.1906362235546112,
1044.0,0.19074894487857819,
1045.0,0.19081279188394545,0.34564197435975075
1046.0,0.19148174524307252,
1047.0,0.19405431300401688,
1048.0,0.19352425634860992,
1049.0,0.1913849502801895,
1050.0,0.19082294404506683,0.3428761214017868
1051.0,0.19052874743938447,
1052.0,0.19024616926908494,
1053.0,0.190178219974041,
1054.0,0.19007391333580018,
1055.0,0.1900070860981941,0.3418631739914417
1056.0,0.18984994441270828,
1057.0,0.1900177627801895,
1058.0,0.18986178934574127,
1059.0,0.19007593989372254,
1060.0,0.19032462388277055,0.34182776510715485
1061.0,0.19067043513059617,
1062.0,0.19058603644371033,
1063.0,0.19020235240459443,
1064.0,0.18999507427215576,
1065.0,0.18975522071123124,0.34164388477802277
1066.0,0.18983792662620544,
1067.0,0.18992140591144563,
1068.0,0.1897738367319107,
1069.0,0.18966265469789506,
1070.0,0.18980417847633363,0.3413519710302353
1071.0,0.19095584750175476,
1072.0,0.19074493050575256,
1073.0,0.19037039428949357,
1074.0,0.18980914801359178,
1075.0,0.18974580317735673,0.3409126251935959
1076.0,0.1895483061671257,
1077.0,0.18970835953950882,
1078.0,0.18964943885803223,
1079.0,0.1900470957159996,
1080.0,0.19047545045614242,0.3407672941684723
1081.0,0.19058643281459808,
1082.0,0.19170707315206528,
1083.0,0.1918368846178055,
1084.0,0.1936213955283165,
1085.0,0.1916905790567398,0.3440866321325302
1086.0,0.19056542962789536,
1087.0,0.18987476229667663,
1088.0,0.18945491015911103,
1089.0,0.18924489095807076,
1090.0,0.1891433849930763,0.34038425981998444
1091.0,0.18907129615545273,
1092.0,0.18902760297060012,
1093.0,0.18900505751371383,
1094.0,0.18902809768915177,
1095.0,0.18902633786201478,0.33987409621477127
1096.0,0.18893740624189376,
1097.0,0.18889929950237275,
1098.0,0.18891060948371888,
1099.0,0.18901170343160628,
1100.0,0.18902728110551834,0.3397423028945923
1101.0,0.1889590322971344,
1102.0,0.18925680369138717,
1103.0,0.18995205760002137,
1104.0,0.19005854427814484,
1105.0,0.18969304412603377,0.3410986512899399
1106.0,0.18950730562210083,
1107.0,0.18906926065683366,
1108.0,0.1889511153101921,
1109.0,0.18886650800704957,
1110.0,0.18891315013170243,0.33943090587854385
1111.0,0.18879355788230895,
1112.0,0.18887266963720323,
1113.0,0.1890341728925705,
1114.0,0.18941507786512374,
1115.0,0.18899523168802262,0.33928723633289337
1116.0,0.18865651339292527,
1117.0,0.18855528086423873,
1118.0,0.1885355830192566,
1119.0,0.1884797915816307,
1120.0,0.18845374137163162,0.33878662437200546
1121.0,0.18837319761514665,
1122.0,0.18907540291547775,
1123.0,0.1892152488231659,
1124.0,0.1890137940645218,
1125.0,0.18981207013130189,0.340921264141798
1126.0,0.18942204415798186,
1127.0,0.189064921438694,
1128.0,0.18911273032426834,
1129.0,0.18903516680002214,
1130.0,0.1885552078485489,0.3391147330403328
1131.0,0.18875064104795455,
1132.0,0.18859975934028625,
1133.0,0.18836963027715684,
1134.0,0.1883273035287857,
1135.0,0.18837402164936065,0.33826591074466705
1136.0,0.18822170346975325,
1137.0,0.1880302220582962,
1138.0,0.18820397853851317,
1139.0,0.18821268677711486,
1140.0,0.18886248022317886,0.3390253782272339
1141.0,0.18931939601898193,
1142.0,0.1898114949464798,
1143.0,0.1888466775417328,
1144.0,0.188338902592659,
1145.0,0.18836140483617783,0.33854954689741135
1146.0,0.18837834000587464,
1147.0,0.1883281037211418,
1148.0,0.18848827481269836,
1149.0,0.18812694400548935,
1150.0,0.18801215589046477,0.3379006050527096
1151.0,0.1878127411007881,
1152.0,0.1876844808459282,
1153.0,0.18794844299554825,
1154.0,0.18776683509349823,
1155.0,0.1877808913588524,0.3376980647444725
1156.0,0.18822564035654069,
1157.0,0.18797774165868758,
1158.0,0.18768153935670853,
1159.0,0.18769198209047316,
1160.0,0.18767976462841035,0.337173767387867
1161.0,0.18763378709554673,
1162.0,0.18757264018058778,
1163.0,0.188387955725193,
1164.0,0.18853306025266647,
1165.0,0.1906939536333084,0.3445950001478195
1166.0,0.19099310636520386,
1167.0,0.18873798102140427,
1168.0,0.18807244747877122,
1169.0,0.1876412510871887,
1170.0,0.18763523697853088,0.33695708960294724
1171.0,0.18811441361904144,
1172.0,0.18828514963388443,
1173.0,0.18781057894229888,
1174.0,0.18757588565349578,
1175.0,0.1877856135368347,0.33705705404281616
1176.0,0.18792893290519713,
1177.0,0.18760485649108888,
1178.0,0.18725251257419587,
1179.0,0.18813464641571045,
1180.0,0.1883436307311058,0.3369250074028969
1181.0,0.18769356310367585,
1182.0,0.18747210875153542,
1183.0,0.1873341679573059,
1184.0,0.18727360516786576,
1185.0,0.1872007057070732,0.3363160938024521
1186.0,0.18723692297935485,
1187.0,0.1871854245662689,
1188.0,0.18703399896621703,
1189.0,0.1882220059633255,
1190.0,0.1911066710948944,0.3395224064588547
1191.0,0.191440349817276,
1192.0,0.18861435651779174,
1193.0,0.18796578496694566,
1194.0,0.18757437467575072,
1195.0,0.18726834654808044,0.3363489620387554
1196.0,0.18761757165193557,
1197.0,0.18734081983566284,
1198.0,0.1872233346104622,
1199.0,0.18684330433607102,
1200.0,0.1867450639605522,0.335800364613533
1201.0,0.18673841804265975,
1202.0,0.1866208717226982,
1203.0,0.18683649003505706,
1204.0,0.18688073754310608,
1205.0,0.18684493601322175,0.3359028398990631
1206.0,0.18685709834098815,
1207.0,0.1867607995867729,
1208.0,0.18675026744604112,
1209.0,0.18656913191080093,
1210.0,0.18651243150234223,0.3352503478527069
1211.0,0.18658304661512376,
1212.0,0.18657779842615127,
1213.0,0.18729629665613173,
1214.0,0.18768935948610305,
1215.0,0.18784549683332444,0.3360127881169319
1216.0,0.18903895914554597,
1217.0,0.19090815931558608,
1218.0,0.18927056789398194,
1219.0,0.18791064620018005,
1220.0,0.18742772340774536,0.33854496851563454
1221.0,0.1879831314086914,
1222.0,0.18729856014251708,
1223.0,0.18719049096107482,
1224.0,0.18687450736761094,
1225.0,0.186456798017025,0.33485476672649384
1226.0,0.18642467707395555,
1227.0,0.18623133301734923,
1228.0,0.18623734563589095,
1229.0,0.1862386167049408,
1230.0,0.18636508285999298,0.33522558957338333
1231.0,0.18665820807218553,
1232.0,0.18646234273910522,
1233.0,0.1863819718360901,
1234.0,0.1862620398402214,
1235.0,0.18622223138809205,0.33487337827682495
1236.0,0.18684236854314804,
1237.0,0.18734803646802903,
1238.0,0.1875738739967346,
1239.0,0.18710338175296784,
1240.0,0.187321275472641,0.336652223020792
1241.0,0.1874739333987236,
1242.0,0.186679670214653,
1243.0,0.18613319396972655,
1244.0,0.18602539747953414,
1245.0,0.18598025515675545,0.3347207233309746
1246.0,0.18589205741882325,
1247.0,0.18615051507949829,
1248.0,0.18619090616703032,
1249.0,0.18595887273550032,
1250.0,0.1857994243502617,0.33376629650592804
1251.0,0.18585126250982284,
1252.0,0.18591197878122329,
1253.0,0.1857658252120018,
1254.0,0.1855916053056717,
1255.0,0.18556445091962814,0.3335106335580349
1256.0,0.18560682535171508,
1257.0,0.18564608246088027,
1258.0,0.18563662618398666,
1259.0,0.18561105579137802,
1260.0,0.1857734739780426,0.33386170491576195
1261.0,0.18680281788110734,
1262.0,0.18713050633668898,
1263.0,0.18649091720581054,
1264.0,0.18668822050094605,
1265.0,0.18653224855661393,0.3348979987204075
1266.0,0.1860308513045311,
1267.0,0.1855736792087555,
1268.0,0.18542033582925796,
1269.0,0.1854700356721878,
1270.0,0.18538186848163604,0.3331204727292061
1271.0,0.18540150672197342,
1272.0,0.1854224443435669,
1273.0,0.18546705320477486,
1274.0,0.18543962836265565,
1275.0,0.18539865761995317,0.3329765498638153
1276.0,0.18524773716926574,
1277.0,0.18534208834171295,
1278.0,0.18525741547346114,
1279.0,0.18532821536064148,
1280.0,0.18530093133449554,0.333397701382637
1281.0,0.18585781902074813,
1282.0,0.1861516132950783,
1283.0,0.18632619380950927,
1284.0,0.1861618533730507,
1285.0,0.18531619310379027,0.3328825645148754
1286.0,0.18535589575767517,
1287.0,0.18512484878301622,
1288.0,0.1852453425526619,
1289.0,0.18544387966394424,
1290.0,0.18572281301021576,0.334432240575552
1291.0,0.18843501359224318,
1292.0,0.18913335502147674,
1293.0,0.18827733993530274,
1294.0,0.18715258985757827,
1295.0,0.18587665110826493,0.3336930312216282
1296.0,0.18539031594991684,
1297.0,0.18527010530233384,
1298.0,0.18505191504955293,
1299.0,0.18491267859935762,
1300.0,0.1848281905055046,0.3323418200016022
1301.0,0.1847895860671997,
1302.0,0.1846960112452507,
1303.0,0.18469801545143127,
1304.0,0.18464227467775346,
1305.0,0.18466766625642778,0.33188891410827637
1306.0,0.18467475175857545,
1307.0,0.18463083505630493,
1308.0,0.1846272185444832,
1309.0,0.1846810981631279,
1310.0,0.1847782775759697,0.3318222351372242
1311.0,0.1847926825284958,
1312.0,0.18462967574596406,
1313.0,0.18458587378263475,
1314.0,0.18462124466896057,
1315.0,0.1847346231341362,0.3316463716328144
1316.0,0.18478766083717346,
1317.0,0.18492622226476668,
1318.0,0.1851082906126976,
1319.0,0.18525024205446244,
1320.0,0.18575345873832702,0.3334267698228359
1321.0,0.1855090379714966,
1322.0,0.18590613156557084,
1323.0,0.1854501485824585,
1324.0,0.1846018388867378,
1325.0,0.1844479188323021,0.33141110464930534
1326.0,0.1844873994588852,
1327.0,0.18466615080833435,
1328.0,0.18487925305962563,
1329.0,0.18563273698091506,
1330.0,0.1851201131939888,0.33233097195625305
1331.0,0.18469013422727584,
1332.0,0.18519338667392732,
1333.0,0.1853003293275833,
1334.0,0.18527563512325287,
1335.0,0.18519336581230164,0.3325669877231121
1336.0,0.18502380549907685,
1337.0,0.1848187655210495,
1338.0,0.18450776636600494,
1339.0,0.18432829082012175,
1340.0,0.18420264273881912,0.3309212103486061
1341.0,0.18413738161325455,
1342.0,0.1839774638414383,
1343.0,0.18399787396192552,
1344.0,0.18404751420021057,
1345.0,0.18403253257274627,0.3305289000272751
1346.0,0.18404615223407744,
1347.0,0.18416841626167296,
1348.0,0.18583167642354964,
1349.0,0.18531753420829772,
1350.0,0.18486671894788742,0.33112671971321106
1351.0,0.18457981050014496,
1352.0,0.18412687331438066,
1353.0,0.18397514522075653,
1354.0,0.18386550471186638,
1355.0,0.18378894925117492,0.33029861003160477
1356.0,0.18373252600431442,
1357.0,0.18378536701202391,
1358.0,0.1841030314564705,
1359.0,0.18434377163648605,
1360.0,0.18451299220323564,0.33008426427841187
1361.0,0.18474168181419373,
1362.0,0.18513216078281403,
1363.0,0.1851878806948662,
1364.0,0.18527211993932724,
1365.0,0.18447888642549515,0.33070678636431694
1366.0,0.18416433036327362,
1367.0,0.18427225202322006,
1368.0,0.1838942587375641,
1369.0,0.1839134082198143,
1370.0,0.18368809968233107,0.3300369903445244
1371.0,0.1837753802537918,
1372.0,0.18374182730913163,
1373.0,0.18369024097919465,
1374.0,0.18366801142692565,
1375.0,0.18362859338521959,0.32974086701869965
1376.0,0.18354733139276505,
1377.0,0.18366482555866243,
1378.0,0.1835593491792679,
1379.0,0.18353012055158616,
1380.0,0.18366826474666595,0.3299696296453476
1381.0,0.183685764670372,
1382.0,0.18372102677822114,
1383.0,0.1835743948817253,
1384.0,0.18414166569709778,
1385.0,0.1842861771583557,0.33001070469617844
1386.0,0.18439581245183945,
1387.0,0.18387442231178283,
1388.0,0.183536596596241,
1389.0,0.1836252123117447,
1390.0,0.18345022201538086,0.3292043022811413
1391.0,0.1833091452717781,
1392.0,0.18343730121850968,
1393.0,0.18361120522022248,
1394.0,0.18351141661405562,
1395.0,0.18320850431919097,0.32918159663677216
1396.0,0.18340848237276078,
1397.0,0.18330017179250718,
1398.0,0.1831857144832611,
1399.0,0.18319669961929322,
1400.0,0.18329791128635406,0.3288749158382416
1401.0,0.183546681702137,
1402.0,0.18329831808805466,
1403.0,0.1829776018857956,
1404.0,0.18330617845058442,
1405.0,0.18349846228957176,0.32956917583942413
1406.0,0.18359128534793853,
1407.0,0.18325822651386262,
1408.0,0.1835910975933075,
1409.0,0.18316028267145157,
1410.0,0.18308987468481064,0.3293449878692627
1411.0,0.1832083433866501,
1412.0,0.18366571962833406,
1413.0,0.1834428071975708,
1414.0,0.18340082913637162,
1415.0,0.18312088251113892,0.3290095031261444
1416.0,0.18311109393835068,
1417.0,0.18316063433885574,
1418.0,0.18311917334794997,
1419.0,0.18345962464809418,
1420.0,0.18429108709096909,0.3296167477965355
1421.0,0.18660087287425994,
1422.0,0.18613657653331755,
1423.0,0.18432732969522475,
1424.0,0.18383581191301346,
1425.0,0.18322673290967942,0.3292095959186554
1426.0,0.18298547565937043,
1427.0,0.18267922699451447,
1428.0,0.18255354911088945,
1429.0,0.18252030089497567,
1430.0,0.18260301798582076,0.3282551169395447
1431.0,0.18262320905923843,
1432.0,0.1825393855571747,
1433.0,0.18250148743391037,
1434.0,0.18263981789350509,
1435.0,0.18324801176786423,0.32861193269491196
1436.0,0.18323745131492614,
1437.0,0.1830856204032898,
1438.0,0.1826672375202179,
1439.0,0.18255645483732225,
1440.0,0.18249969482421874,0.3277948349714279
1441.0,0.18255525529384614,
1442.0,0.18243371993303298,
1443.0,0.1825345978140831,
1444.0,0.18240375369787215,
1445.0,0.18276352882385255,0.3278125114738941
1446.0,0.1824898898601532,
1447.0,0.18234087973833085,
1448.0,0.18231578022241593,
1449.0,0.18228719234466553,
1450.0,0.18313406705856322,0.3283972106873989
1451.0,0.1831577092409134,
1452.0,0.18327680677175523,
1453.0,0.1839793011546135,
1454.0,0.18297776728868484,
1455.0,0.18259673416614533,0.32749975472688675
1456.0,0.1824645295739174,
1457.0,0.1823438435792923,
1458.0,0.1825675144791603,
1459.0,0.18238563984632492,
1460.0,0.1821126401424408,0.3273496590554714
1461.0,0.18215267211198807,
1462.0,0.1821929931640625,
1463.0,0.18218749463558198,
1464.0,0.18245229721069336,
1465.0,0.18264075517654418,0.3282588832080364
1466.0,0.18298676311969758,
1467.0,0.18376281410455703,
1468.0,0.18417787849903106,
1469.0,0.18390062004327773,
1470.0,0.18313381522893907,0.32781995087862015
1471.0,0.18241361826658248,
1472.0,0.18215603679418563,
1473.0,0.18218281120061874,
1474.0,0.18203280568122865,
1475.0,0.18199243098497392,0.3269864283502102
1476.0,0.1819013774394989,
1477.0,0.1818363532423973,
1478.0,0.18184864073991774,
1479.0,0.1818598210811615,
1480.0,0.18195964992046357,0.32699812948703766
1481.0,0.181843201816082,
1482.0,0.1817108228802681,
1483.0,0.1816890224814415,
1484.0,0.18181388303637505,
1485.0,0.18181606456637384,0.32680441439151764
1486.0,0.18201812207698823,
1487.0,0.1820501446723938,
1488.0,0.18208035826683044,
1489.0,0.18553341180086136,
1490.0,0.1857558310031891,0.3299914672970772
1491.0,0.18361571580171585,
1492.0,0.18269386887550354,
1493.0,0.18209246397018433,
1494.0,0.1818256586790085,
1495.0,0.1817132756114006,0.3266385644674301
1496.0,0.18161896616220474,
1497.0,0.18159321695566177,
1498.0,0.18165614902973176,
1499.0,0.1815410003066063,
1500.0,0.18151140958070755,0.3260408937931061
1501.0,0.18146751075983047,
1502.0,0.18146875500679016,
1503.0,0.18143917322158815,
1504.0,0.18133573234081268,
1505.0,0.18141089230775834,0.3261493034660816
1506.0,0.1815134733915329,
1507.0,0.18275226950645446,
1508.0,0.18235401064157486,
1509.0,0.18202790319919587,
1510.0,0.18172784745693207,0.32621922343969345
1511.0,0.18150311708450317,
1512.0,0.18159636557102204,
1513.0,0.18130429685115815,
1514.0,0.18136345446109772,
1515.0,0.1813444674015045,0.3256252408027649
1516.0,0.1812414899468422,
1517.0,0.1813150718808174,
1518.0,0.18186056315898896,
1519.0,0.1827574372291565,
1520.0,0.18286667317152022,0.3268902599811554
1521.0,0.1866588830947876,
1522.0,0.18508555591106415,
1523.0,0.18346130549907685,
1524.0,0.18220092356204987,
1525.0,0.1815224140882492,0.32599231600761414
1526.0,0.18124512135982512,
1527.0,0.18111815303564072,
1528.0,0.1811872661113739,
1529.0,0.1810378238558769,
1530.0,0.1811107411980629,0.3255428709089756
1531.0,0.18111153692007065,
1532.0,0.18111548870801925,
1533.0,0.1810486540198326,
1534.0,0.18101827055215836,
1535.0,0.18083688318729402,0.32513323426246643
1536.0,0.18127460926771163,
1537.0,0.18244906440377234,
1538.0,0.1816234439611435,
1539.0,0.1812616318464279,
1540.0,0.18123964220285416,0.3256930187344551
1541.0,0.18130986392498016,
1542.0,0.18131115585565566,
1543.0,0.18117017298936844,
1544.0,0.18104288578033448,
1545.0,0.18170710504055024,0.32722800225019455
1546.0,0.18170459270477296,
1547.0,0.1821790710091591,
1548.0,0.18131951987743378,
1549.0,0.18136437684297563,
1550.0,0.18125438094139099,0.32573341578245163
1551.0,0.18110606223344802,
1552.0,0.18123198598623275,
1553.0,0.18085137605667115,
1554.0,0.18087984025478362,
1555.0,0.1807371959090233,0.3249598294496536
1556.0,0.18083726465702057,
1557.0,0.180689999461174,
1558.0,0.18060387820005416,
1559.0,0.18061058670282365,
1560.0,0.18100130707025527,0.3247988522052765
1561.0,0.18136634975671767,
1562.0,0.1817118927836418,
1563.0,0.1821921393275261,
1564.0,0.18275900334119796,
1565.0,0.1820880264043808,0.32554712146520615
1566.0,0.1812549814581871,
1567.0,0.1809368222951889,
1568.0,0.18064879924058913,
1569.0,0.18064264059066773,
1570.0,0.18057770580053328,0.3244545981287956
1571.0,0.18052611351013184,
1572.0,0.1806254580616951,
1573.0,0.18070702999830246,
1574.0,0.1805262714624405,
1575.0,0.1805980309844017,0.3241662234067917
1576.0,0.1804048776626587,
1577.0,0.1805614560842514,
1578.0,0.18075016140937805,
1579.0,0.18062799125909806,
1580.0,0.18114535063505172,0.32705409824848175
1581.0,0.1807369515299797,
1582.0,0.18049079328775405,
1583.0,0.18025626987218857,
1584.0,0.18066028654575347,
1585.0,0.18065392822027207,0.32402772828936577
1586.0,0.18107951879501344,
1587.0,0.18098000288009644,
1588.0,0.18078650236129762,
1589.0,0.18069999665021896,
1590.0,0.18073661923408507,0.3238128051161766
1591.0,0.18034879863262177,
1592.0,0.18024246990680695,
1593.0,0.18022514432668685,
1594.0,0.1801678404211998,
1595.0,0.18019992262125015,0.3246483616530895
1596.0,0.1804264336824417,
1597.0,0.1803604856133461,
1598.0,0.1803278774023056,
1599.0,0.1807396948337555,
1600.0,0.180650594830513,0.32430193200707436
1601.0,0.18159332126379013,
1602.0,0.18376069217920304,
1603.0,0.18192450553178788,
1604.0,0.18096966072916984,
1605.0,0.18040971457958221,0.323744960129261
1606.0,0.1801292136311531,
1607.0,0.17999549061059952,
1608.0,0.1799958825111389,
1609.0,0.18002150505781173,
1610.0,0.17987234592437745,0.3232229948043823
1611.0,0.1798091486096382,
1612.0,0.17986468970775604,
1613.0,0.17995136976242065,
1614.0,0.18028348684310913,
1615.0,0.18018149435520173,0.3233416825532913
1616.0,0.18028859347105025,
1617.0,0.18044845908880233,
1618.0,0.1799718588590622,
1619.0,0.18079771250486373,
1620.0,0.18012700229883194,0.32309790700674057
1621.0,0.18014810532331466,
1622.0,0.18014027029275895,
1623.0,0.17993684411048888,
1624.0,0.18021668791770934,
1625.0,0.18034303709864616,0.3235182762145996
1626.0,0.18001171350479125,
1627.0,0.17990692108869552,
1628.0,0.17984832376241683,
1629.0,0.17962754368782044,
1630.0,0.1798351675271988,0.32289789617061615
1631.0,0.17976958006620408,
1632.0,0.17969202995300293,
1633.0,0.18033173084259033,
1634.0,0.18046401888132096,
1635.0,0.1802422061562538,0.3238706924021244
1636.0,0.18063591420650482,
1637.0,0.18011987954378128,
1638.0,0.17970894426107406,
1639.0,0.17984712570905687,
1640.0,0.17997272461652755,0.32289083302021027
1641.0,0.17988726794719695,
1642.0,0.1800559788942337,
1643.0,0.17968826591968537,
1644.0,0.17953582406044005,
1645.0,0.17950933873653413,0.3228210359811783
1646.0,0.179435071349144,
1647.0,0.17979041635990142,
1648.0,0.17956388592720032,
1649.0,0.17948167026042938,
1650.0,0.17950603514909744,0.3225434795022011
1651.0,0.17954767644405364,
1652.0,0.17940349280834197,
1653.0,0.17936926186084748,
1654.0,0.17937007397413254,
1655.0,0.1793665885925293,0.3224209435284138
1656.0,0.17936853170394898,
1657.0,0.17945039123296738,
1658.0,0.18047610074281692,
1659.0,0.18060182929039,
1660.0,0.18045330196619033,0.3233026973903179
1661.0,0.18055690973997116,
1662.0,0.18063725978136064,
1663.0,0.18015848398208617,
1664.0,0.17956178039312362,
1665.0,0.17965325862169265,0.32447173073887825
1666.0,0.18057392686605453,
1667.0,0.18220064789056778,
1668.0,0.1805051788687706,
1669.0,0.1804850310087204,
1670.0,0.18061579912900924,0.3229322135448456
1671.0,0.17993513941764833,
1672.0,0.179443621635437,
1673.0,0.1793483465909958,
1674.0,0.17922287732362746,
1675.0,0.17910875380039215,0.3221431151032448
1676.0,0.17922525256872177,
1677.0,0.17967202067375182,
1678.0,0.17965515106916427,
1679.0,0.1792651504278183,
1680.0,0.17906364053487778,0.32197367399930954
1681.0,0.1790951669216156,
1682.0,0.17901141047477723,
1683.0,0.17900960445404052,
1684.0,0.17922960072755814,
1685.0,0.17907605618238448,0.3217489682137966
1686.0,0.1792777433991432,
1687.0,0.179324372112751,
1688.0,0.1789542481303215,
1689.0,0.1790881261229515,
1690.0,0.17899615317583084,0.32137947529554367
1691.0,0.1789546862244606,
1692.0,0.17894807010889052,
1693.0,0.17894847691059113,
1694.0,0.17886774390935897,
1695.0,0.17911631762981414,0.32221317291259766
1696.0,0.1789824038743973,
1697.0,0.17892128229141235,
1698.0,0.17934128344058992,
1699.0,0.18000589907169343,
1700.0,0.17910580188035966,0.32187072932720184
1701.0,0.17917222082614898,
1702.0,0.179226316511631,
1703.0,0.1789672330021858,
1704.0,0.17873158901929856,
1705.0,0.17866948395967483,0.32103385776281357
1706.0,0.17866032421588898,
1707.0,0.17883216887712478,
1708.0,0.1790536165237427,
1709.0,0.1788443237543106,
1710.0,0.17881461828947068,0.3215476721525192
1711.0,0.1795467659831047,
1712.0,0.17961410731077193,
1713.0,0.18026768118143083,
1714.0,0.17951447814702987,
1715.0,0.1790909767150879,0.32131822407245636
1716.0,0.17893802672624587,
1717.0,0.17868152707815171,
1718.0,0.17870172560214997,
1719.0,0.1787044048309326,
1720.0,0.1788410261273384,0.3208465650677681
1721.0,0.17871074974536896,
1722.0,0.17912233471870423,
1723.0,0.17909383326768874,
1724.0,0.1789766937494278,
1725.0,0.17858483791351318,0.32081102207303047
1726.0,0.1786187320947647,
1727.0,0.17881169468164443,
1728.0,0.17915000319480895,
1729.0,0.1792475774884224,
1730.0,0.17929252982139587,0.3209901601076126
1731.0,0.17942875176668166,
1732.0,0.17921738922595978,
1733.0,0.17922876179218292,
1734.0,0.1786879301071167,
1735.0,0.17839246839284897,0.3206493631005287
1736.0,0.1783108279109001,
1737.0,0.17828250974416732,
1738.0,0.17834784388542174,
1739.0,0.1783590756356716,
1740.0,0.1786072298884392,0.32068752497434616
1741.0,0.17860610038042068,
1742.0,0.17841409146785736,
1743.0,0.17832681387662888,
1744.0,0.17836329862475395,
1745.0,0.17846945971250533,0.32040509209036827
1746.0,0.17852482050657273,
1747.0,0.1784896269440651,
1748.0,0.17839845567941665,
1749.0,0.178252936899662,
1750.0,0.1782161623239517,0.32067155465483665
1751.0,0.1783333659172058,
1752.0,0.17831536531448364,
1753.0,0.1784154251217842,
1754.0,0.17828936576843263,
1755.0,0.17837844043970108,0.3206302151083946
1756.0,0.1785863943397999,
1757.0,0.17833446115255355,
1758.0,0.17810761034488679,
1759.0,0.17818633168935777,
1760.0,0.17817504554986954,0.31981897726655006
1761.0,0.17853842824697494,
1762.0,0.1783466935157776,
1763.0,0.17828367352485658,
1764.0,0.17802311182022096,
1765.0,0.1782252535223961,0.32019396871328354
1766.0,0.1784244254231453,
1767.0,0.17835703492164612,
1768.0,0.1783699557185173,
1769.0,0.1783151999115944,
1770.0,0.17855927497148513,0.3201821446418762
1771.0,0.17832417339086531,
1772.0,0.17832410335540771,
1773.0,0.17797390669584273,
1774.0,0.17800199687480928,
1775.0,0.17806146740913392,0.31947407871484756
1776.0,0.1780927896499634,
1777.0,0.178081938624382,
1778.0,0.17847903072834015,
1779.0,0.17892056703567505,
1780.0,0.1794496774673462,0.32142674922943115
1781.0,0.17904016524553298,
1782.0,0.17845833748579026,
1783.0,0.17795491814613343,
1784.0,0.17789525240659715,
1785.0,0.17782430201768876,0.31958844512701035
1786.0,0.17785728946328164,
1787.0,0.17787406146526336,
1788.0,0.17771098166704177,
1789.0,0.17771148681640625,
1790.0,0.17776332199573516,0.3194461986422539
1791.0,0.17775277495384217,
1792.0,0.1777685783803463,
1793.0,0.17819347083568574,
1794.0,0.17826341688632966,
1795.0,0.17858029156923294,0.3195135295391083
1796.0,0.17780385315418243,
1797.0,0.17764496356248854,
1798.0,0.1777518942952156,
1799.0,0.17758535593748093,
1800.0,0.1776759222149849,0.3192901164293289
1801.0,0.1776412159204483,
1802.0,0.17783969938755034,
1803.0,0.17768836617469788,
1804.0,0.17770005017518997,
1805.0,0.17813999205827713,0.31921740993857384
1806.0,0.17785549610853196,
1807.0,0.17784239798784257,
1808.0,0.17818276062607766,
1809.0,0.17826819121837617,
1810.0,0.1778746083378792,0.3188590854406357
1811.0,0.1776051178574562,
1812.0,0.1775026574730873,
1813.0,0.17776862233877183,
1814.0,0.1781659707427025,
1815.0,0.17778827548027037,0.3192244917154312
1816.0,0.17755149751901628,
1817.0,0.17742988765239714,
1818.0,0.1774854212999344,
1819.0,0.17740649580955506,
1820.0,0.17767681181430817,0.31909920275211334
1821.0,0.17738150507211686,
1822.0,0.17775673419237137,
1823.0,0.1774492383003235,
1824.0,0.17758143693208694,
1825.0,0.1776084080338478,0.3189365714788437
1826.0,0.1775398150086403,
1827.0,0.1779085412621498,
1828.0,0.17800772488117217,
1829.0,0.1782584361732006,
1830.0,0.17787990123033523,0.31920334696769714
1831.0,0.17736678272485734,
1832.0,0.17732715159654616,
1833.0,0.17749279886484146,
1834.0,0.1772353857755661,
1835.0,0.17717599123716354,0.31831328570842743
1836.0,0.17731114253401756,
1837.0,0.17759237289428711,
1838.0,0.17735153883695604,
1839.0,0.1773506671190262,
1840.0,0.1773169979453087,0.3185741603374481
1841.0,0.17735195606946946,
1842.0,0.17778192162513734,
1843.0,0.17787704467773438,
1844.0,0.17827200442552565,
1845.0,0.1777885764837265,0.3186998777091503
1846.0,0.17744585126638412,
1847.0,0.1772749975323677,
1848.0,0.17728097289800643,
1849.0,0.17776086181402206,
1850.0,0.17731356024742126,0.3181251212954521
1851.0,0.17741464376449584,
1852.0,0.17722900360822677,
1853.0,0.1770755410194397,
1854.0,0.17711442857980728,
1855.0,0.17703753113746643,0.3179765120148659
1856.0,0.1770001955330372,
1857.0,0.17711296826601028,
1858.0,0.177168071269989,
1859.0,0.17732417434453965,
1860.0,0.17718896567821502,0.31868456676602364
1861.0,0.1775047406554222,
1862.0,0.1776813820004463,
1863.0,0.17735934853553773,
1864.0,0.17706449776887895,
1865.0,0.17688208371400832,0.3178189806640148
1866.0,0.17683635652065277,
1867.0,0.1770624354481697,
1868.0,0.17692970037460326,
1869.0,0.17688375413417817,
1870.0,0.17685654014348984,0.31775350868701935
1871.0,0.17689674347639084,
1872.0,0.1769468329846859,
1873.0,0.17692706882953643,
1874.0,0.17694186121225358,
1875.0,0.17775485217571257,0.31880370900034904
1876.0,0.17817216515541076,
1877.0,0.1784837417304516,
1878.0,0.17805493101477624,
1879.0,0.17753607481718064,
1880.0,0.177554152905941,0.3196928910911083
1881.0,0.18006167858839034,
1882.0,0.18037149161100388,
1883.0,0.17954414784908296,
1884.0,0.1789723128080368,
1885.0,0.1777955859899521,0.31918393075466156
1886.0,0.17728700786828994,
1887.0,0.1773298054933548,
1888.0,0.1772514760494232,
1889.0,0.17698170691728593,
1890.0,0.1769465371966362,0.3178038150072098
1891.0,0.1767802894115448,
1892.0,0.17662187218666076,
1893.0,0.17667826265096664,
1894.0,0.17657869011163713,
1895.0,0.1765777885913849,0.31744982302188873
1896.0,0.1765312820672989,
1897.0,0.1765382319688797,
1898.0,0.17663274109363555,
1899.0,0.17653235271573067,
1900.0,0.17668844908475875,0.31741606444120407
1901.0,0.1765706345438957,
1902.0,0.17686323523521424,
1903.0,0.17693391740322112,
1904.0,0.17696543410420418,
1905.0,0.17681715711951257,0.3173828646540642
1906.0,0.17693826034665108,
1907.0,0.17675255239009857,
1908.0,0.1765996038913727,
1909.0,0.17650560438632965,
1910.0,0.17643262296915055,0.31706200167536736
1911.0,0.17655344754457475,
1912.0,0.1764901638031006,
1913.0,0.17637208104133606,
1914.0,0.17635276466608046,
1915.0,0.1763170138001442,0.3169199414551258
1916.0,0.17636387348175048,
1917.0,0.1763925775885582,
1918.0,0.17635050565004348,
1919.0,0.17637609988451003,
1920.0,0.17638082355260848,0.3170071467757225
1921.0,0.1764875516295433,
1922.0,0.17672241032123565,
1923.0,0.17683556228876113,
1924.0,0.17681165486574174,
1925.0,0.1765954464673996,0.31698668748140335
1926.0,0.17633986324071885,
1927.0,0.17632485777139664,
1928.0,0.17642195224761964,
1929.0,0.17639305517077447,
1930.0,0.17655307650566102,0.3176448121666908
1931.0,0.17691245675086975,
1932.0,0.17634459137916564,
1933.0,0.176519176363945,
1934.0,0.17706839591264725,
1935.0,0.18114808350801467,0.3192606344819069
1936.0,0.1798022985458374,
1937.0,0.17856093347072602,
1938.0,0.17754315584897995,
1939.0,0.17682675868272782,
1940.0,0.17652109265327454,0.3174430914223194
1941.0,0.17635321617126465,
1942.0,0.17620526105165482,
1943.0,0.17613080590963365,
1944.0,0.1761368654668331,
1945.0,0.17610055953264236,0.31663694605231285
1946.0,0.17601287588477135,
1947.0,0.17611483633518218,
1948.0,0.17636158242821692,
1949.0,0.17630305662751197,
1950.0,0.17605402171611786,0.31647392362356186
1951.0,0.17603266537189483,
1952.0,0.17623948603868483,
1953.0,0.17622988373041154,
1954.0,0.17606113702058793,
1955.0,0.17611278891563414,0.3167686238884926
1956.0,0.17662641406059265,
1957.0,0.17611009925603865,
1958.0,0.17596617043018342,
1959.0,0.17596371173858644,
1960.0,0.17599866092205046,0.316298246383667
1961.0,0.17601672559976578,
1962.0,0.17596558034420012,
1963.0,0.17616430819034576,
1964.0,0.1768340140581131,
1965.0,0.17647319734096528,0.31639399752020836
1966.0,0.17620232701301575,
1967.0,0.17600254118442535,
1968.0,0.17587094604969025,
1969.0,0.17591566145420073,
1970.0,0.17593744546175002,0.3162625581026077
1971.0,0.17596365958452226,
1972.0,0.1760635867714882,
1973.0,0.17709470242261888,
1974.0,0.18031823188066481,
1975.0,0.17827884703874589,0.31735803186893463
1976.0,0.17668885737657547,
1977.0,0.17614222466945648,
1978.0,0.17588156908750535,
1979.0,0.17599306404590606,
1980.0,0.17598565965890883,0.31621552258729935
1981.0,0.17590632736682893,
1982.0,0.17579108402132987,
1983.0,0.1757747694849968,
1984.0,0.1757563218474388,
1985.0,0.17571532875299453,0.3158300817012787
1986.0,0.17573636025190353,
1987.0,0.175676529109478,
1988.0,0.17566042989492417,
1989.0,0.1755935177206993,
1990.0,0.17561369985342026,0.3156164065003395
1991.0,0.1757336750626564,
1992.0,0.17561090141534805,
1993.0,0.1758416548371315,
1994.0,0.17577072978019714,
1995.0,0.1757599428296089,0.31638504564762115
1996.0,0.17589273303747177,
