epoch,train_loss,val_loss,epoch_time_s,peak_gpu_mem_mb,cumul_train_time_s
1406,0.8506873697042465,,1902.69,52987,1902.69
1407,0.8455778807401657,,9.53,53016,1912.22
1408,0.8356371894478798,,9.26,52679,1921.48
1409,0.775959849357605,,9.65,52680,1931.13
1410,0.8799539804458618,0.9206862052281698,9.98,52476,1941.10
1411,0.8730907812714577,,9.67,52742,1950.77
1412,0.8040312826633453,,9.97,52228,1960.75
1413,0.8406032025814056,,9.75,52843,1970.49
1414,0.8501380458474159,,9.34,52582,1979.84
1415,0.7705446183681488,0.9112167557080587,9.56,52680,1989.40
1416,0.8479374870657921,,9.93,52728,1999.32
1417,0.8138502612709999,,9.48,52670,2008.81
1418,0.7852218151092529,,9.43,52199,2018.23
1419,0.7639969289302826,,10.18,52372,2028.41
1420,0.8228563144803047,0.8815690875053406,15.39,52802,2043.80
1421,0.7874718531966209,,9.31,52351,2053.11
1422,0.8264098614454269,,9.43,52570,2062.54
1423,0.7885634750127792,,8.96,52338,2071.50
1424,0.7753597423434258,,8.97,52405,2080.47
1425,0.7632854506373405,0.8759425481160482,9.13,52910,2089.60
1426,0.8179425671696663,,9.51,52868,2099.11
1427,0.8216737061738968,,9.66,52467,2108.77
1428,0.813590981066227,,9.72,52946,2118.48
1429,0.8609200641512871,,9.40,52674,2127.88
1430,0.8336662203073502,0.9483963449796041,9.48,52759,2137.36
1431,0.8083093538880348,,9.19,52519,2146.54
1432,0.8406357243657112,,9.14,52331,2155.69
1433,0.8248037099838257,,9.21,52875,2164.90
1434,0.8548426553606987,,9.49,52582,2174.39
1435,0.8234659060835838,0.8975211580594381,9.42,52626,2183.81
1436,0.8196795955300331,,9.49,52847,2193.29
1437,0.790266253054142,,9.71,52582,2203.00
1438,0.7918291985988617,,8.84,52632,2211.84
1439,0.7731360346078873,,9.28,52836,2221.11
1440,0.8396772742271423,0.9037403265635172,9.24,52959,2230.35
1441,0.7372634559869766,,9.76,52223,2240.11
1442,0.8277004659175873,,9.34,52666,2249.46
1443,0.8489038646221161,,9.71,52633,2259.17
1444,0.8435909301042557,,9.18,52523,2268.35
1445,0.8136082664132118,0.8907204270362854,9.07,52480,2277.42
1446,0.8015049695968628,,9.81,52549,2287.23
1447,0.9044628739356995,,9.14,52382,2296.36
1448,0.7677239030599594,,9.55,52703,2305.91
1449,0.8471848890185356,,9.59,52594,2315.50
1450,0.7895130142569542,0.988224466641744,9.38,52877,2324.88
1451,0.8170840591192245,,9.33,52615,2334.21
1452,0.8069680258631706,,9.14,52867,2343.34
1453,0.8447167947888374,,8.86,52279,2352.20
1454,0.8136674836277962,,8.70,53202,2360.90
1455,0.8443381264805794,0.8596012393633524,9.86,52504,2370.77
1456,0.8422239497303963,,9.71,52543,2380.47
1457,0.7998767271637917,,9.41,52456,2389.88
1458,0.832152783870697,,9.82,52819,2399.69
1459,0.8495713844895363,,9.68,53019,2409.37
1460,0.8042493686079979,0.8365848263104757,9.59,52976,2418.96
1461,0.7993179559707642,,9.25,52763,2428.21
1462,0.8370611667633057,,9.15,52403,2437.36
1463,0.8114484548568726,,9.18,52749,2446.54
1464,0.8328683450818062,,9.47,52712,2456.02
1465,0.8509949073195457,0.8843597769737244,9.15,53002,2465.17
1466,0.7809744477272034,,9.36,52326,2474.53
1467,0.8166544362902641,,9.41,52637,2483.94
1468,0.8181551918387413,,8.85,52642,2492.79
1469,0.7692357823252678,,9.42,52703,2502.20
1470,0.8722704872488976,0.8491181333859762,9.30,52826,2511.51
1471,0.7532326579093933,,8.73,53167,2520.23
1472,0.7948614582419395,,8.63,52349,2528.87
1473,0.8228932768106461,,9.24,52448,2538.11
1474,0.8198438212275505,,8.92,52523,2547.03
1475,0.8196732550859451,0.9012315074602762,9.29,53044,2556.32
1476,0.8683069944381714,,8.63,52420,2564.95
1477,0.8375353962182999,,8.85,52624,2573.79
1478,0.7985477969050407,,8.81,52397,2582.61
1479,0.7691959738731384,,8.83,52792,2591.44
1480,0.8573690801858902,0.9347150325775146,9.63,52593,2601.07
1481,0.8273796662688255,,9.79,52614,2610.86
1482,0.7981267645955086,,9.83,52563,2620.69
1483,0.8510404452681541,,9.48,52615,2630.16
1484,0.7897390872240067,,9.26,52793,2639.42
1485,0.8044447228312492,0.7797442674636841,9.17,52778,2648.59
1486,0.8209718093276024,,8.76,52452,2657.35
1487,0.8264118880033493,,8.60,52373,2665.95
1488,0.7838957756757736,,9.28,52435,2675.24
1489,0.8656037375330925,,9.70,52953,2684.94
1490,0.8339468389749527,0.9329424897829691,9.18,52647,2694.13
1491,0.831995852291584,,8.78,52437,2702.90
1492,0.7809870466589928,,9.31,52992,2712.21
1493,0.8236647099256516,,9.52,52467,2721.73
1494,0.809542253613472,,9.67,52706,2731.41
1495,0.8293994590640068,0.9116257826487223,9.87,52546,2741.28
1496,0.8403630703687668,,9.55,52562,2750.83
1497,0.8194416984915733,,9.89,52539,2760.72
1498,0.7820205986499786,,8.87,52283,2769.59
1499,0.8523512184619904,,9.70,52762,2779.29
1500,0.7824679091572762,0.8309410810470581,8.95,52704,2788.23
1501,0.840202808380127,,9.63,52592,2797.87
1502,0.8489544168114662,,9.53,53002,2807.39
1503,0.8034387305378914,,9.25,52512,2816.64
1504,0.8094932734966278,,8.79,52609,2825.44
1505,0.8338844329118729,0.8669524788856506,8.91,52431,2834.35
1506,0.8165121674537659,,8.66,52639,2843.01
1507,0.7713843435049057,,8.98,52567,2851.99
1508,0.8125547021627426,,8.68,52458,2860.67
1509,0.8003977090120316,,8.96,52848,2869.63
1510,0.8528342023491859,0.90988157192866,8.61,52707,2878.24
1511,0.8165543600916862,,9.09,52645,2887.32
1512,0.830510251224041,,9.51,52583,2896.83
1513,0.8279574066400528,,9.00,52363,2905.83
1514,0.8518542796373367,,9.45,52547,2915.29
1515,0.8294381201267242,0.9427546262741089,9.07,52728,2924.36
1516,0.8510085865855217,,9.82,52471,2934.17
1517,0.8046153336763382,,9.86,52980,2944.03
1518,0.828766256570816,,9.82,52687,2953.85
1519,0.8712620139122009,,9.28,52655,2963.13
1520,0.7803467512130737,0.8821288148562113,9.58,52468,2972.71
1521,0.7894819527864456,,8.65,52797,2981.37
1522,0.8053025528788567,,9.15,52777,2990.52
1523,0.7784575894474983,,8.94,53080,2999.46
1524,0.8175205886363983,,8.75,52336,3008.21
1525,0.8072167932987213,0.9522755940755209,9.12,52424,3017.33
1526,0.7894292920827866,,9.12,52741,3026.44
1527,0.8471518158912659,,9.78,52560,3036.22
1528,0.8173410668969154,,8.83,52666,3045.05
1529,0.8080073297023773,,9.60,52488,3054.66
1530,0.7479182109236717,0.863737146059672,9.46,53286,3064.11
1531,0.7877566665410995,,9.55,52738,3073.66
1532,0.8272851929068565,,8.75,52810,3082.41
1533,0.782785639166832,,7.42,52902,3089.82
1534,0.8225751742720604,,7.90,52836,3097.73
1535,0.7937978878617287,0.9464061657587687,7.66,52388,3105.38
1536,0.8535512760281563,,8.05,52731,3113.44
1537,0.847332663834095,,7.71,52655,3121.15
1538,0.8596213683485985,,7.86,52515,3129.01
1539,0.781218059360981,,7.28,52798,3136.29
1540,0.7982005700469017,0.8428740302721659,7.53,52610,3143.81
1541,0.8277145326137543,,7.55,52624,3151.37
1542,0.7993280291557312,,7.39,52367,3158.75
1543,0.7626491412520409,,8.19,52678,3166.95
1544,0.8073452115058899,,9.66,53137,3176.61
1545,0.8490818738937378,0.9301172892252604,8.54,52778,3185.15
1546,0.9042186364531517,,9.58,52621,3194.73
1547,0.8401421755552292,,8.99,52521,3203.72
1548,0.8018824756145477,,10.88,52726,3214.59
1549,0.7907198518514633,,9.84,52363,3224.44
1550,0.818549320101738,0.8890750408172607,10.03,52558,3234.47
1551,0.7710535302758217,,9.19,52729,3243.65
1552,0.8133322075009346,,10.27,52479,3253.92
1553,0.8643059432506561,,9.33,52926,3263.25
1554,0.8447943851351738,,9.50,52741,3272.75
1555,0.8044267222285271,0.8930779894193014,9.44,52774,3282.19
1556,0.7979438453912735,,10.23,52438,3292.42
1557,0.7743697986006737,,9.55,52735,3301.97
1558,0.8286646455526352,,9.90,52826,3311.87
1559,0.7733059450984001,,9.04,52850,3320.91
1560,0.8130622059106827,0.8960442543029785,9.99,52651,3330.90
1561,0.8497811406850815,,9.03,52593,3339.94
1562,0.8206635415554047,,9.21,52562,3349.15
1563,0.8199186250567436,,9.71,52467,3358.86
1564,0.8136144652962685,,9.60,52659,3368.46
1565,0.8344070985913277,0.952042837937673,9.45,52593,3377.91
1566,0.8091909661889076,,9.54,52551,3387.45
1567,0.8271583542227745,,9.21,52549,3396.66
1568,0.8411959931254387,,13.51,52600,3410.17
1569,0.7936886250972748,,9.16,52668,3419.33
1570,0.76130810379982,0.9208935697873434,9.27,52663,3428.60
1571,0.835666686296463,,9.29,52491,3437.89
1572,0.7818318083882332,,9.24,52934,3447.13
1573,0.7700692266225815,,9.10,52750,3456.23
1574,0.8226772025227547,,9.16,52400,3465.39
1575,0.822253406047821,0.8974300622940063,9.26,52632,3474.65
1576,0.8709830716252327,,9.17,52331,3483.82
1577,0.8596024364233017,,9.35,52514,3493.17
1578,0.8302834033966064,,8.47,52521,3501.64
1579,0.8264744356274605,,9.11,52576,3510.75
1580,0.7729352414608002,0.8549765944480896,9.61,52506,3520.37
1581,0.8325617387890816,,9.78,52762,3530.14
1582,0.8007849082350731,,9.87,52728,3540.01
1583,0.7997170388698578,,8.84,52838,3548.85
1584,0.7817787528038025,,8.58,52611,3557.43
1585,0.7649491056799889,0.916458249092102,9.46,52769,3566.90
1586,0.7852043882012367,,9.09,53117,3575.98
1587,0.795301228761673,,9.24,52452,3585.22
1588,0.7622718587517738,,9.52,52774,3594.74
1589,0.7838771417737007,,9.39,52580,3604.13
1590,0.7309310883283615,0.9118028481801351,10.00,53117,3614.13
1591,0.8459492325782776,,9.93,52405,3624.06
1592,0.7997668981552124,,9.74,52827,3633.80
1593,0.7916185706853867,,10.06,52275,3643.86
1594,0.8800357058644295,,9.90,52779,3653.76
1595,0.8314939737319946,0.9302871425946554,8.96,52536,3662.72
1596,0.7891021594405174,,9.17,52434,3671.89
1597,0.8068527802824974,,9.36,52580,3681.25
1598,0.8215299174189568,,9.33,52625,3690.58
1599,0.7744171917438507,,9.88,52462,3700.46
1600,0.79073765873909,0.9142604271570841,9.23,52480,3709.69
1601,0.8314584344625473,,9.02,52741,3718.71
1602,0.7816128954291344,,9.34,52606,3728.05
1603,0.7609851956367493,,9.03,52766,3737.08
1604,0.7542875334620476,,8.87,52843,3745.95
1605,0.8026329874992371,0.8801303108533224,9.54,52723,3755.49
1606,0.803958848118782,,9.50,52375,3764.99
1607,0.7856084406375885,,9.31,52766,3774.30
1608,0.8424831107258797,,9.56,52586,3783.86
1609,0.805601067841053,,9.08,52603,3792.94
1610,0.8449629470705986,0.8552679022153219,9.17,52311,3802.10
1611,0.7989801615476608,,9.43,52501,3811.53
1612,0.8145249933004379,,9.22,52631,3820.75
1613,0.7643929868936539,,9.41,52676,3830.16
1614,0.807060681283474,,9.24,52813,3839.40
1615,0.842903807759285,0.8939841985702515,8.76,52455,3848.16
1616,0.8448425531387329,,9.10,52746,3857.26
1617,0.7938546687364578,,9.59,52409,3866.85
1618,0.8020587489008904,,9.60,52479,3876.45
1619,0.7973107919096947,,8.52,52745,3884.97
1620,0.7669337689876556,0.8710556427637736,9.15,52559,3894.12
1621,0.7500941976904869,,9.71,52428,3903.83
1622,0.797685481607914,,9.04,52593,3912.87
1623,0.798763819038868,,9.28,52731,3922.15
1624,0.8062824234366417,,9.82,52485,3931.97
1625,0.8060568496584892,0.9034446080525717,9.69,52718,3941.66
1626,0.7921650484204292,,9.66,52572,3951.32
1627,0.786260224878788,,9.31,52825,3960.63
1628,0.859057255089283,,9.52,52426,3970.15
1629,0.7878938391804695,,9.99,52721,3980.14
1630,0.8043901026248932,0.8456611633300781,8.78,52491,3988.92
1631,0.7783920615911484,,8.96,52645,3997.88
1632,0.8196335360407829,,9.12,52462,4007.00
1633,0.864439882338047,,8.89,52274,4015.89
1634,0.8041340634226799,,8.70,52672,4024.59
1635,0.7491230815649033,0.9582950870196024,9.30,52766,4033.89
1636,0.8174886256456375,,9.09,52765,4042.98
1637,0.8349190950393677,,9.40,52846,4052.38
1638,0.7990895584225655,,8.53,52813,4060.91
1639,0.7785254344344139,,9.21,52606,4070.13
1640,0.8492327928543091,0.9423835078875223,9.04,52694,4079.17
1641,0.7706627398729324,,9.73,52659,4088.89
1642,0.8372141122817993,,9.14,52471,4098.04
1643,0.8093177527189255,,9.10,52905,4107.14
1644,0.7925522476434708,,9.88,52627,4117.02
1645,0.7858416140079498,0.8970064719518026,9.83,52551,4126.84
1646,0.8409531489014626,,9.20,53155,4136.05
1647,0.8206865936517715,,9.53,52671,4145.57
1648,0.7784738466143608,,9.51,52533,4155.08
1649,0.783028356730938,,10.07,52805,4165.16
1650,0.7890652567148209,0.9066097537676493,9.57,52551,4174.73
1651,0.8217128589749336,,9.06,52506,4183.78
1652,0.8530965745449066,,9.46,52951,4193.24
1653,0.811823733150959,,9.98,52839,4203.22
1654,0.798004224896431,,9.52,52739,4212.74
1655,0.839476116001606,0.8935395876566569,10.03,52609,4222.77
1656,0.8269598633050919,,9.44,52570,4232.22
1657,0.7779185399413109,,9.41,52995,4241.63
1658,0.7816402614116669,,9.86,52651,4251.49
1659,0.7788777947425842,,9.44,52147,4260.93
1660,0.7738176211714745,0.8828688661257426,9.32,52768,4270.25
1661,0.8600185364484787,,9.49,52912,4279.73
1662,0.7668062523007393,,9.44,52809,4289.17
1663,0.7979653403162956,,9.00,52499,4298.17
1664,0.7879731878638268,,9.80,52700,4307.97
1665,0.8090613707900047,0.8980216582616171,8.81,53200,4316.79
1666,0.813569650053978,,8.82,52552,4325.60
1667,0.8263417631387711,,9.57,52427,4335.17
1668,0.828003779053688,,9.02,52829,4344.19
1669,0.8007906153798103,,9.30,52399,4353.49
1670,0.8344320580363274,0.9877081910769144,8.99,52787,4362.48
1671,0.7775479480624199,,8.95,52416,4371.43
1672,0.8012813106179237,,9.87,53077,4381.30
1673,0.7611109167337418,,9.49,52317,4390.79
1674,0.8383773937821388,,9.38,52763,4400.17
1675,0.8358810022473335,0.902872363726298,8.94,52692,4409.10
1676,0.805128276348114,,9.09,52550,4418.20
1677,0.8244615793228149,,9.52,52722,4427.71
1678,0.791513055562973,,9.17,52794,4436.88
1679,0.8446041643619537,,9.19,52609,4446.07
1680,0.8320952877402306,0.8844566146532694,9.08,52555,4455.15
1681,0.8429388180375099,,9.01,52371,4464.15
1682,0.7879547327756882,,9.03,52401,4473.19
1683,0.7637887075543404,,9.35,52873,4482.54
1684,0.856023371219635,,8.70,52523,4491.24
1685,0.7664314061403275,0.8459993402163187,9.02,52517,4500.25
1686,0.7932372540235519,,8.74,52900,4509.00
1687,0.7977601289749146,,9.22,52796,4518.22
1688,0.7916276007890701,,9.10,52778,4527.32
1689,0.7665139734745026,,8.62,52552,4535.94
1690,0.7647016271948814,0.9382308721542358,9.38,52442,4545.32
1691,0.798793114721775,,9.37,52569,4554.69
1692,0.8092339113354683,,9.39,52650,4564.08
1693,0.7891698628664017,,9.42,52379,4573.49
1694,0.7824484258890152,,9.38,52791,4582.87
1695,0.8447428792715073,0.9628340601921082,8.87,52614,4591.74
1696,0.8035018295049667,,9.95,53134,4601.69
1697,0.787863589823246,,8.48,52632,4610.17
1698,0.7931143119931221,,8.51,52622,4618.68
1699,0.7970076873898506,,9.35,52778,4628.03
1700,0.8208019882440567,0.9255433678627014,9.34,52687,4637.37
1701,0.80193792283535,,8.80,52779,4646.17
1702,0.7743797227740288,,8.69,53139,4654.86
1703,0.8277269527316093,,8.61,52761,4663.47
1704,0.824261337518692,,8.59,52698,4672.05
1705,0.7934364974498749,0.8979793787002563,8.73,52740,4680.79
1706,0.8065771013498306,,9.27,53015,4690.05
1707,0.8203844949603081,,8.70,52628,4698.76
1708,0.7683706432580948,,8.42,52802,4707.17
1709,0.8203967809677124,,8.74,52609,4715.91
1710,0.7485192194581032,0.8779171109199524,8.78,52452,4724.69
1711,0.8078692555427551,,9.73,52690,4734.42
1712,0.8292893469333649,,9.75,52759,4744.17
1713,0.7790566757321358,,9.71,52795,4753.89
1714,0.814076155424118,,9.38,52515,4763.27
1715,0.7989606708288193,0.9482453862826029,9.70,52455,4772.97
1716,0.8222145736217499,,9.14,52755,4782.11
1717,0.8489842116832733,,9.60,52504,4791.71
1718,0.7750457003712654,,9.03,52310,4800.74
1719,0.8110799863934517,,31.53,52663,4832.26
1720,0.8441416397690773,0.9912319779396057,9.37,52456,4841.63
1721,0.7570861056447029,,9.27,52732,4850.90
1722,0.8084259703755379,,9.95,52631,4860.85
1723,0.7771889120340347,,9.94,52766,4870.79
1724,0.778434507548809,,10.13,52298,4880.93
1725,0.8096130862832069,0.8728225032488505,10.05,52553,4890.97
1726,0.8240702822804451,,9.62,52609,4900.60
1727,0.7680021822452545,,9.42,52820,4910.02
1728,0.8093481436371803,,9.34,52973,4919.36
1729,0.7960596084594727,,9.49,52815,4928.85
1730,0.8121457546949387,0.8831528027852377,8.73,52867,4937.57
1731,0.8072158917784691,,9.04,52576,4946.61
1732,0.7398370802402496,,9.34,52754,4955.95
1733,0.8021876662969589,,8.80,52813,4964.75
1734,0.7769366204738617,,9.54,53094,4974.30
1735,0.7830569818615913,0.9555722077687582,9.13,52988,4983.43
1736,0.7758169546723366,,10.02,52885,4993.45
1737,0.7881515994668007,,9.98,52416,5003.43
1738,0.7842896804213524,,9.91,52557,5013.34
1739,0.8178160935640335,,9.32,52568,5022.66
1740,0.7896270602941513,0.9278043905893961,9.34,52460,5032.00
1741,0.7764931097626686,,9.09,52823,5041.09
1742,0.7966128140687943,,9.37,52580,5050.46
1743,0.7965701147913933,,9.85,52952,5060.31
1744,0.8109241724014282,,9.49,53001,5069.80
1745,0.8046367168426514,0.9304805596669515,9.55,52462,5079.35
1746,0.8145610466599464,,9.90,52463,5089.26
1747,0.7709735631942749,,9.06,52841,5098.32
1748,0.7317823469638824,,9.77,53260,5108.10
1749,0.8219240754842758,,9.87,52840,5117.97
1750,0.8140118941664696,0.898147702217102,9.31,52513,5127.28
1751,0.8195884525775909,,9.26,52836,5136.54
1752,0.7859145402908325,,9.12,53176,5145.66
1753,0.8020895570516586,,9.72,52640,5155.37
1754,0.7803443744778633,,9.63,52352,5165.00
1755,0.7674433216452599,0.9474250276883444,9.97,52327,5174.96
1756,0.8298052027821541,,9.62,52842,5184.59
1757,0.7355388477444649,,9.99,52577,5194.57
1758,0.7926151901483536,,9.99,52748,5204.56
1759,0.7745163962244987,,9.47,52425,5214.04
1760,0.7595299631357193,0.8710805972417196,9.32,52828,5223.36
1761,0.7830441519618034,,9.61,52553,5232.96
1762,0.737846352159977,,9.83,53039,5242.79
1763,0.7789632380008698,,9.11,52477,5251.90
1764,0.7382969334721565,,9.34,52562,5261.24
1765,0.7616097405552864,0.8970065315564474,9.74,52803,5270.97
1766,0.8099265769124031,,9.55,52943,5280.52
1767,0.8000227957963943,,9.15,52610,5289.68
1768,0.7883815616369247,,8.85,52726,5298.53
1769,0.7655999958515167,,9.86,52736,5308.38
1770,0.8269738629460335,0.8864333430926005,9.58,52525,5317.97
1771,0.7608136758208275,,9.85,52893,5327.82
1772,0.7433634549379349,,9.91,52548,5337.73
1773,0.7974579781293869,,9.96,52547,5347.69
1774,0.7862585335969925,,9.95,52705,5357.64
1775,0.8238623142242432,0.9852489233016968,9.64,52704,5367.28
1776,0.7878653109073639,,9.58,52507,5376.87
1777,0.7900712788105011,,9.20,52335,5386.06
1778,0.7901676893234253,,9.64,52676,5395.70
1779,0.7845743894577026,,9.33,52639,5405.04
1780,0.7653137072920799,0.9019137024879456,9.19,52566,5414.23
1781,0.8385506421327591,,9.62,52597,5423.84
1782,0.8275436609983444,,9.70,52322,5433.54
1783,0.7653422057628632,,9.15,52879,5442.69
1784,0.8071820586919785,,9.42,52616,5452.11
1785,0.7626721858978271,0.8379423022270203,10.00,52726,5462.11
1786,0.7712100222706795,,9.50,52485,5471.61
1787,0.7485086619853973,,9.18,52548,5480.79
1788,0.8230407685041428,,9.52,52631,5490.31
1789,0.7725163176655769,,9.23,52711,5499.54
1790,0.7878920137882233,0.9092345436414083,9.37,52546,5508.91
1791,0.7854000627994537,,9.31,52426,5518.22
1792,0.811904214322567,,9.23,52744,5527.45
1793,0.7976519092917442,,9.59,52575,5537.04
1794,0.7691150605678558,,9.52,52684,5546.55
1795,0.7566763162612915,0.9231014053026835,9.95,52272,5556.50
1796,0.7553790509700775,,9.25,52930,5565.76
1797,0.7709960862994194,,9.56,52444,5575.32
1798,0.7647741511464119,,9.08,52493,5584.40
1799,0.8294265493750572,,9.34,52606,5593.75
1800,0.7677427008748055,0.872559666633606,9.32,52751,5603.06
1801,0.8044004961848259,,9.55,52693,5612.62
1802,0.8150480166077614,,10.02,52164,5622.64
1803,0.7663746550679207,,9.35,52602,5631.99
1804,0.7605970799922943,,9.63,52822,5641.62
1805,0.7834764868021011,0.8593450586001078,9.58,52430,5651.20
1806,0.8397360891103745,,9.42,52576,5660.62
1807,0.7752631977200508,,8.86,52731,5669.47
1808,0.8120501264929771,,8.77,52376,5678.24
1809,0.765200138092041,,9.55,53185,5687.79
1810,0.8058987632393837,0.8822918931643168,9.34,52414,5697.13
1811,0.8249208629131317,,8.71,52547,5705.85
1812,0.7957227006554604,,8.67,52605,5714.52
1813,0.7657885253429413,,8.79,52765,5723.31
1814,0.7571094483137131,,9.34,52632,5732.65
1815,0.7629485577344894,0.8828245401382446,10.05,52822,5742.69
1816,0.7650110945105553,,9.18,52608,5751.87
1817,0.7757792174816132,,9.26,53040,5761.14
1818,0.7736599668860435,,9.58,52585,5770.72
1819,0.7340933084487915,,9.12,53009,5779.84
1820,0.7939023897051811,0.939427117506663,9.49,52628,5789.32
1821,0.7823521792888641,,9.22,52824,5798.54
1822,0.7955526635050774,,9.37,52859,5807.91
1823,0.798319086432457,,9.32,52523,5817.23
1824,0.8175448775291443,,8.58,52279,5825.81
1825,0.7641977146267891,1.015876015027364,9.35,52713,5835.16
1826,0.7639375925064087,,9.70,52414,5844.86
1827,0.8010179102420807,,9.62,53075,5854.47
1828,0.7337901741266251,,9.43,52554,5863.91
1829,0.762670248746872,,9.62,52913,5873.53
1830,0.8020599484443665,0.9395202199618021,9.87,52596,5883.39
1831,0.773668609559536,,9.16,52303,5892.55
1832,0.8085793852806091,,9.28,52979,5901.83
1833,0.7669633254408836,,10.08,52422,5911.92
1834,0.8234569877386093,,9.12,52572,5921.04
1835,0.8429145067930222,0.829438308874766,9.25,52756,5930.29
1836,0.756207711994648,,9.78,52908,5940.07
1837,0.7856727764010429,,9.56,52677,5949.62
1838,0.7859900891780853,,9.40,52852,5959.02
1839,0.7814131304621696,,9.53,53239,5968.56
1840,0.7757947891950607,0.9951507449150085,8.90,52712,5977.46
1841,0.7750837132334709,,9.56,52514,5987.02
1842,0.7666735798120499,,9.73,52444,5996.75
1843,0.8058914616703987,,8.88,52583,6005.62
1844,0.7711479961872101,,10.09,52807,6015.71
1845,0.8302258402109146,0.9356305400530497,9.26,52957,6024.97
1846,0.7619883716106415,,9.23,53050,6034.20
1847,0.7377034425735474,,9.87,52752,6044.08
1848,0.8210783079266548,,9.32,52666,6053.40
1849,0.7642498388886452,,9.19,52580,6062.59
1850,0.7941965386271477,0.9291453957557678,9.85,52775,6072.44
1851,0.7826565653085709,,9.03,53032,6081.47
1852,0.8040179312229156,,9.62,52497,6091.09
1853,0.7614136636257172,,9.23,53149,6100.32
1854,0.7871276512742043,,9.40,52594,6109.72
1855,0.7510630711913109,0.955785314242045,9.32,53006,6119.04
1856,0.7703573554754257,,9.12,52605,6128.16
1857,0.7705604359507561,,9.01,52688,6137.17
1858,0.8094666823744774,,8.98,52503,6146.15
1859,0.7880122363567352,,9.24,52540,6155.39
1860,0.7876255884766579,0.9267133275667826,9.19,52631,6164.59
1861,0.7783718034625053,,8.67,52988,6173.26
1862,0.7936727851629257,,8.82,52671,6182.09
1863,0.7982069924473763,,8.94,52885,6191.03
1864,0.7991108596324921,,9.42,52668,6200.45
1865,0.7463255748152733,0.9631554881731669,9.50,52805,6209.95
1866,0.7680196687579155,,9.77,52786,6219.72
1867,0.7914338186383247,,9.17,52675,6228.90
1868,0.7862210348248482,,9.16,52347,6238.06
1869,0.7895065993070602,,9.85,52738,6247.91
1870,0.763031430542469,0.8666727741559347,9.06,52419,6256.96
1871,0.7746910005807877,,9.71,52388,6266.67
1872,0.7643153965473175,,9.28,52708,6275.95
1873,0.7698507681488991,,9.74,52840,6285.69
1874,0.7877771854400635,,9.84,52498,6295.52
1875,0.7611809074878693,0.9551491141319275,9.65,52881,6305.17
1876,0.7940205857157707,,9.64,52306,6314.81
1877,0.8314470127224922,,9.04,52787,6323.84
1878,0.7918789014220238,,8.03,52702,6331.87
1879,0.78811464458704,,8.04,52588,6339.91
1880,0.7690668702125549,0.9493467013041178,8.67,52914,6348.58
1881,0.8227363005280495,,7.95,52743,6356.53
1882,0.7682080194354057,,8.37,52506,6364.90
1883,0.7414249032735825,,8.43,52988,6373.33
1884,0.7562787756323814,,7.70,52817,6381.02
1885,0.805697612464428,0.848496655623118,7.71,53167,6388.74
1886,0.7512925192713737,,8.33,52790,6397.07
1887,0.8187291845679283,,8.02,52471,6405.09
1888,0.7765301316976547,,10.15,52609,6415.24
1889,0.7764082252979279,,10.05,52536,6425.29
1890,0.8426654115319252,0.8683603803316752,10.56,52540,6435.85
1891,0.750922404229641,,9.53,52502,6445.38
1892,0.7401579841971397,,11.10,52386,6456.48
1893,0.8012271448969841,,9.95,52637,6466.43
1894,0.8075297772884369,,10.98,52391,6477.42
1895,0.789739802479744,0.908754845460256,10.00,52454,6487.42
1896,0.7603712826967239,,10.22,52594,6497.63
1897,0.788994312286377,,10.07,52535,6507.70
1898,0.720117837190628,,10.52,53090,6518.22
1899,0.6952578723430634,,10.34,53070,6528.56
1900,0.8082790076732635,0.8550429741541544,10.31,52767,6538.87
1901,0.7680687382817268,,10.40,52517,6549.27
1902,0.7441495209932327,,10.63,52419,6559.90
1903,0.7606762051582336,,9.75,52625,6569.65
1904,0.771323099732399,,9.72,52536,6579.37
1905,0.7168654277920723,0.8488477071126302,9.46,52818,6588.83
1906,0.7731147482991219,,8.89,52872,6597.72
1907,0.823993057012558,,9.38,52444,6607.10
1908,0.7606016471982002,,9.37,52939,6616.47
1909,0.7896653190255165,,9.14,52721,6625.60
1910,0.8381202593445778,0.8973802328109741,9.38,52588,6634.99
1911,0.7415599226951599,,9.12,52750,6644.11
1912,0.8008702993392944,,9.05,52430,6653.16
1913,0.71803317964077,,8.69,52793,6661.84
1914,0.7545775547623634,,8.92,52756,6670.76
1915,0.7730966359376907,0.9139639337857565,8.84,52855,6679.61
1916,0.8294614404439926,,8.66,53382,6688.26
1917,0.7813460603356361,,9.18,52426,6697.44
1918,0.747124508023262,,9.75,52565,6707.19
1919,0.740604504942894,,9.20,52953,6716.39
1920,0.7679505720734596,0.90087890625,9.39,52553,6725.78
1921,0.8108766302466393,,9.21,52667,6734.99
1922,0.78241778165102,,9.21,52449,6744.20
1923,0.7678542733192444,,10.02,52804,6754.21
1924,0.7575557380914688,,9.71,52706,6763.92
1925,0.774051770567894,0.9005221724510193,9.01,52637,6772.93
1926,0.7456821352243423,,9.21,52946,6782.15
1927,0.7799434959888458,,9.93,53006,6792.07
1928,0.7793495357036591,,9.41,52847,6801.48
1929,0.788334995508194,,9.50,52452,6810.99
1930,0.7619917690753937,0.923225204149882,9.31,52814,6820.29
1931,0.7877781912684441,,9.66,52698,6829.96
1932,0.7585405930876732,,9.29,52418,6839.24
1933,0.7517247647047043,,10.10,53067,6849.34
1934,0.8160448893904686,,9.93,52556,6859.27
1935,0.7740994244813919,0.8731957276662191,9.63,52712,6868.90
1936,0.774994507431984,,9.18,52778,6878.08
1937,0.7863650545477867,,9.69,52644,6887.77
1938,0.7869846597313881,,9.42,52708,6897.19
1939,0.8278902396559715,,9.50,52508,6906.69
1940,0.7989221960306168,0.8945942918459574,9.19,52488,6915.88
1941,0.723549596965313,,9.03,53023,6924.91
1942,0.7571263909339905,,9.44,52345,6934.35
1943,0.7398233339190483,,9.37,52969,6943.72
1944,0.7820558324456215,,9.41,52890,6953.13
1945,0.7644188702106476,0.9419623017311096,9.62,52824,6962.75
1946,0.7924719750881195,,9.87,52697,6972.63
1947,0.7333429157733917,,9.80,52528,6982.42
1948,0.8114387318491936,,9.26,52847,6991.68
1949,0.7521070092916489,,9.26,52689,7000.95
1950,0.7657492235302925,0.8722391525904337,9.40,52467,7010.34
1951,0.8216992616653442,,9.84,52942,7020.18
1952,0.7449783384799957,,9.91,52918,7030.09
1953,0.6847428232431412,,9.75,53169,7039.84
1954,0.7430731579661369,,9.45,52699,7049.29
1955,0.7652081474661827,0.9657835563023885,9.70,52391,7058.99
1956,0.7774421647191048,,9.76,52410,7068.75
1957,0.8009090423583984,,9.21,52832,7077.96
1958,0.7548337951302528,,9.29,52723,7087.25
1959,0.8010747209191322,,9.42,52763,7096.67
1960,0.7667232602834702,0.9542883435885111,9.42,52977,7106.09
1961,0.7602055594325066,,8.94,52936,7115.03
1962,0.7493031620979309,,9.35,52521,7124.38
1963,0.7577173709869385,,9.47,52765,7133.85
1964,0.7619804590940475,,9.63,52374,7143.48
1965,0.7456799373030663,0.9843058983484904,9.53,52752,7153.01
1966,0.7436540052294731,,10.00,52643,7163.01
1967,0.7349503040313721,,9.12,52659,7172.13
1968,0.7551688626408577,,9.19,52602,7181.32
1969,0.8312751948833466,,8.74,52483,7190.06
1970,0.8259619250893593,0.8938397765159607,9.03,52772,7199.09
1971,0.7633387222886086,,8.74,52597,7207.84
1972,0.813146322965622,,9.22,52652,7217.06
1973,0.7305352464318275,,8.84,52777,7225.90
1974,0.7847131714224815,,8.95,52823,7234.85
1975,0.7784257754683495,0.909389058748881,10.04,52435,7244.89
1976,0.7308224365115166,,9.23,52707,7254.12
1977,0.7722130641341209,,8.88,52530,7263.00
1978,0.7276784256100655,,9.29,52830,7272.29
1979,0.7842867448925972,,9.94,52747,7282.23
1980,0.7485336288809776,0.9196562767028809,9.92,52631,7292.14
1981,0.7316575795412064,,9.74,52369,7301.89
1982,0.7850362733006477,,9.99,52538,7311.87
1983,0.7888837158679962,,8.90,52697,7320.78
1984,0.7602340951561928,,9.22,52551,7330.00
1985,0.8080222681164742,0.8621710538864136,8.99,52375,7338.99
1986,0.770870253443718,,8.87,52670,7347.86
1987,0.7373824566602707,,9.39,52938,7357.25
1988,0.7536700069904327,,9.10,52404,7366.34
1989,0.7340466007590294,,9.57,52576,7375.91
1990,0.7818269580602646,0.9466749827067057,9.34,52763,7385.25
1991,0.8016588985919952,,9.36,52575,7394.61
1992,0.8001810386776924,,9.33,52649,7403.94
1993,0.7804785519838333,,9.39,52668,7413.32
1994,0.7797297537326813,,9.29,52399,7422.61
1995,0.8293208405375481,1.0125346581141155,9.90,52855,7432.52
1996,0.7758245915174484,,9.28,52523,7441.79
1997,0.7731461822986603,,9.34,52484,7451.14
1998,0.7650357186794281,,9.51,52633,7460.65
1999,0.8100682497024536,,9.30,52901,7469.95
2000,0.8207616955041885,0.8926473458607992,9.52,52901,7479.47
2001,0.7722750678658485,,9.61,52809,7489.07
2002,0.7695017829537392,,9.26,52605,7498.33
2003,0.7552727237343788,,9.66,52673,7507.99
2004,0.7744104638695717,,9.20,52494,7517.20
2005,0.7917016372084618,0.8531824747721354,9.43,52780,7526.63
2006,0.7681622877717018,,9.75,52639,7536.38
2007,0.7969358861446381,,9.44,52497,7545.83
2008,0.7356780990958214,,9.16,52740,7554.99
2009,0.7862629815936089,,9.23,52605,7564.22
2010,0.7468787357211113,0.9327732523282369,9.03,52749,7573.24
2011,0.7500822246074677,,9.45,52560,7582.69
2012,0.7511274591088295,,9.18,52528,7591.87
2013,0.7831112816929817,,9.49,53071,7601.36
2014,0.7895082458853722,,9.65,52476,7611.01
2015,0.7809247672557831,0.8940320611000061,8.64,52193,7619.65
2016,0.7995084896683693,,8.56,52216,7628.20
2017,0.7785383686423302,,9.49,52680,7637.69
2018,0.7660613432526588,,9.29,52419,7646.99
2019,0.7630394175648689,,8.81,52652,7655.79
2020,0.7571694403886795,0.95645143588384,9.13,52674,7664.92
2021,0.7552651837468147,,9.19,52971,7674.11
2022,0.7586541846394539,,9.05,52515,7683.17
2023,0.7461970001459122,,8.46,52507,7691.63
2024,0.7429350465536118,,9.29,52773,7700.92
2025,0.7729331403970718,0.941848357518514,9.66,52856,7710.58
2026,0.7564407214522362,,9.83,52711,7720.40
2027,0.7541448995471001,,9.45,52871,7729.85
2028,0.7607657313346863,,9.59,52800,7739.44
2029,0.7879809662699699,,10.03,52423,7749.47
2030,0.8066566735506058,0.9252887964248657,10.19,52848,7759.65
2031,0.7486926391720772,,8.93,52665,7768.59
2032,0.7670101523399353,,8.15,52619,7776.74
2033,0.8064484894275665,,8.38,52388,7785.12
2034,0.7703638300299644,,8.70,52466,7793.82
2035,0.785728745162487,0.9127607146898905,8.42,52498,7802.24
2036,0.7455568611621857,,8.66,52756,7810.89
2037,0.7597389370203018,,8.63,52741,7819.52
2038,0.7534757405519485,,9.12,52793,7828.65
2039,0.7841406986117363,,8.64,52780,7837.28
2040,0.784521110355854,0.8828385869661967,8.81,52718,7846.09
2041,0.8104499876499176,,8.67,52701,7854.76
2042,0.7711171135306358,,8.85,52729,7863.61
2043,0.7663735002279282,,8.41,52652,7872.02
2044,0.7581019923090935,,8.87,53092,7880.89
2045,0.747880756855011,0.9143596092859904,9.11,52512,7890.00
2046,0.7587282955646515,,8.77,52381,7898.77
2047,0.7775099575519562,,9.70,52598,7908.47
2048,0.7855370938777924,,9.29,52684,7917.76
2049,0.7620325833559036,,9.68,52459,7927.44
2050,0.7516759112477303,1.0485918720563252,9.32,52657,7936.77
2051,0.6994792968034744,,9.81,52700,7946.58
2052,0.7755962163209915,,9.14,52632,7955.72
2053,0.8071602657437325,,8.62,52933,7964.34
2054,0.7579619064927101,,9.71,52466,7974.05
2055,0.7680249065160751,0.8579745690027872,9.04,52452,7983.09
2056,0.7187213078141212,,9.92,52446,7993.00
2057,0.7585638836026192,,9.56,52558,8002.56
2058,0.7699927911162376,,9.54,52907,8012.10
2059,0.7656529024243355,,9.67,52324,8021.77
2060,0.7424950748682022,0.9435003201166788,9.71,52787,8031.48
2061,0.7701677903532982,,9.27,52427,8040.76
2062,0.7594400197267532,,9.50,52884,8050.26
2063,0.8022672459483147,,9.80,52816,8060.06
2064,0.7839546203613281,,9.68,52652,8069.74
2065,0.7586598768830299,0.9133663177490234,9.90,52729,8079.64
2066,0.8152326121926308,,9.37,52593,8089.01
2067,0.8079884126782417,,9.02,52679,8098.03
2068,0.7564198449254036,,9.25,52707,8107.28
2069,0.8028355613350868,,9.56,52667,8116.84
2070,0.7872602120041847,0.9564780394236246,9.88,52738,8126.72
2071,0.7877344191074371,,9.29,52499,8136.01
2072,0.7641162946820259,,10.13,52460,8146.14
2073,0.7774049565196037,,9.51,52875,8155.65
2074,0.7915748432278633,,9.42,52761,8165.07
2075,0.7419872283935547,0.8593645493189493,9.78,52790,8174.85
2076,0.7754564508795738,,9.46,52804,8184.32
2077,0.7546301633119583,,9.10,52719,8193.42
2078,0.7658271342515945,,9.51,52478,8202.93
2079,0.799917995929718,,9.76,52672,8212.68
2080,0.7721908986568451,0.9585509896278381,9.94,52753,8222.62
2081,0.7422861605882645,,9.43,52714,8232.05
2082,0.7527479901909828,,9.81,52527,8241.86
2083,0.7642907574772835,,9.07,52429,8250.93
2084,0.7839021012187004,,9.26,52531,8260.20
2085,0.7869120687246323,0.9170515735944113,9.84,52877,8270.03
2086,0.7741005942225456,,9.61,52774,8279.65
2087,0.7897411286830902,,9.38,52322,8289.02
2088,0.7993165701627731,,9.57,52452,8298.59
2089,0.7757133841514587,,9.50,52819,8308.09
2090,0.7911628261208534,0.8270401954650879,9.53,52761,8317.62
2091,0.7594594582915306,,9.67,52383,8327.29
2092,0.7756302058696747,,9.21,52493,8336.50
2093,0.7720175012946129,,9.97,52670,8346.47
2094,0.7443091571331024,,9.62,53029,8356.09
2095,0.7232301756739616,0.8986821174621582,9.26,52779,8365.35
2096,0.7428532987833023,,9.65,52616,8375.01
2097,0.7348534986376762,,9.43,52692,8384.44
2098,0.7304423078894615,,9.58,53001,8394.02
2099,0.7023129165172577,,9.70,52550,8403.72
2100,0.7790703102946281,0.861291229724884,10.08,52801,8413.79
2101,0.720502458512783,,9.80,52847,8423.59
2102,0.7575678750872612,,10.04,52881,8433.64
2103,0.7761865854263306,,9.15,52798,8442.79
2104,0.7949699312448502,,9.24,52991,8452.03
2105,0.7381377816200256,0.9235988060633341,10.09,52626,8462.12
2106,0.7346194460988045,,8.91,52350,8471.03
2107,0.7538973242044449,,8.90,52484,8479.93
2108,0.7630728334188461,,9.16,52546,8489.08
2109,0.7427365481853485,,9.86,52977,8498.94
2110,0.7318855077028275,0.9734805623690287,9.56,52767,8508.50
2111,0.7713471800088882,,8.91,52876,8517.41
2112,0.7915496304631233,,8.72,52759,8526.13
2113,0.7577500194311142,,8.65,52639,8534.78
2114,0.7422331050038338,,8.87,52835,8543.65
2115,0.8015523701906204,0.9735493461290995,9.28,52760,8552.93
2116,0.7367629408836365,,9.51,52542,8562.44
2117,0.7386464923620224,,9.90,52673,8572.34
2118,0.7639406397938728,,9.48,53224,8581.82
2119,0.7649111822247505,,9.83,52294,8591.64
2120,0.7731529101729393,0.9338983694712321,9.66,52766,8601.31
2121,0.7575773373246193,,9.76,52708,8611.07
2122,0.7425204664468765,,9.64,52627,8620.71
2123,0.7625434249639511,,10.08,52840,8630.79
2124,0.7797916680574417,,9.47,52669,8640.26
2125,0.791865274310112,0.9389341473579407,9.49,52610,8649.76
2126,0.7302353829145432,,9.28,52377,8659.04
2127,0.7670536488294601,,9.41,52752,8668.44
2128,0.7398128286004066,,9.62,52801,8678.06
2129,0.7639585584402084,,9.38,52882,8687.45
2130,0.7763058245182037,0.8683569629987081,9.47,52341,8696.92
2131,0.775302417576313,,9.70,52600,8706.62
2132,0.7490610182285309,,9.39,52460,8716.02
2133,0.7757076099514961,,9.75,52813,8725.77
2134,0.7776855900883675,,9.82,52438,8735.59
2135,0.7719519063830376,0.8862679402033488,8.95,52314,8744.54
2136,0.7568654268980026,,9.49,52631,8754.03
2137,0.776546336710453,,9.57,52570,8763.60
2138,0.7279970049858093,,8.98,52378,8772.58
2139,0.7326259985566139,,9.68,53000,8782.26
2140,0.7819789052009583,0.8912401596705118,9.28,52886,8791.54
2141,0.7460594028234482,,9.51,52589,8801.06
2142,0.7815662771463394,,9.43,52894,8810.49
2143,0.7696614414453506,,9.03,52690,8819.52
2144,0.7407598346471786,,9.65,52453,8829.17
2145,0.7742984816431999,0.8921887874603271,9.22,52311,8838.39
2146,0.7807064577937126,,9.15,52620,8847.54
2147,0.7831875085830688,,9.32,52765,8856.86
2148,0.7696095183491707,,9.08,52441,8865.94
2149,0.7651316598057747,,9.61,52794,8875.55
2150,0.7734835520386696,0.8430715998013815,9.73,52700,8885.28
2151,0.7464225590229034,,9.75,52539,8895.03
2152,0.761777438223362,,9.51,52540,8904.53
2153,0.7801390886306763,,9.60,52661,8914.14
2154,0.7956113442778587,,9.45,53013,8923.59
2155,0.7683503776788712,0.9259964227676392,9.32,52462,8932.91
2156,0.7815350741147995,,9.24,52622,8942.15
2157,0.7682580500841141,,9.54,52652,8951.68
2158,0.762749508023262,,9.49,52337,8961.18
2159,0.7652961686253548,,8.99,52783,8970.17
2160,0.7542647868394852,0.9625428716341654,9.73,52281,8979.90
2161,0.8441938608884811,,9.35,52583,8989.26
2162,0.7347622439265251,,9.01,52852,8998.27
2163,0.7565410956740379,,9.43,52550,9007.70
2164,0.756927914917469,,9.47,52680,9017.17
2165,0.7118884101510048,0.8688371380170187,9.22,52562,9026.39
2166,0.7036743462085724,,9.50,52478,9035.90
2167,0.769959107041359,,9.45,53108,9045.34
2168,0.7960116043686867,,9.11,53012,9054.45
2169,0.753312461078167,,9.48,52405,9063.93
2170,0.7486898377537727,0.8613226811091105,9.15,52239,9073.08
2171,0.7558276802301407,,10.00,52716,9083.07
2172,0.8135275691747665,,9.27,52572,9092.34
2173,0.712555542588234,,9.59,52863,9101.93
2174,0.7578305006027222,,9.50,52586,9111.43
2175,0.7657290250062943,0.9663304686546326,9.47,52912,9120.90
2176,0.7085911333560944,,9.39,52469,9130.29
2177,0.7643257975578308,,9.08,52978,9139.37
2178,0.753793902695179,,9.71,52921,9149.08
2179,0.7703616917133331,,9.50,52985,9158.58
2180,0.7697750106453896,1.0023687680562336,9.33,52574,9167.91
2181,0.7746948152780533,,9.05,52745,9176.96
2182,0.7351728081703186,,9.17,52450,9186.13
2183,0.7179158255457878,,9.21,53195,9195.35
2184,0.7481374815106392,,9.88,52718,9205.22
2185,0.7560985460877419,0.9749634464581808,9.21,52697,9214.44
2186,0.7383431121706963,,9.52,52703,9223.96
2187,0.7682640105485916,,9.45,52706,9233.40
2188,0.7758243232965469,,9.14,52757,9242.55
2189,0.7016519084572792,,9.54,52926,9252.09
2190,0.7331676483154297,0.9520432551701864,9.20,52492,9261.29
2191,0.7910092249512672,,8.42,52678,9269.71
2192,0.7694664746522903,,9.16,53023,9278.88
2193,0.7295387163758278,,9.58,52428,9288.45
2194,0.7846852019429207,,9.11,52990,9297.57
2195,0.7390014305710793,0.8908280332883199,9.56,53008,9307.13
2196,0.709127239882946,,9.70,52486,9316.82
2197,0.8079798743128777,,9.41,52722,9326.23
2198,0.669609509408474,,9.59,52331,9335.82
2199,0.7808819562196732,,9.05,52531,9344.87
2200,0.787315309047699,0.9739633202552795,9.50,52663,9354.37
2201,0.7945998534560204,,8.91,52684,9363.28
2202,0.7389938905835152,,10.17,52786,9373.45
2203,0.7372034192085266,,10.23,52693,9383.67
2204,0.7881650626659393,,9.68,52482,9393.36
2205,0.7192537263035774,0.9580079714457194,9.26,52931,9402.62
2206,0.7404399663209915,,8.83,53121,9411.45
2207,0.7378441393375397,,9.65,52807,9421.10
2208,0.7196593433618546,,9.66,52964,9430.76
2209,0.7446829900145531,,8.78,52607,9439.54
2210,0.7210303843021393,0.8885717988014221,9.21,52705,9448.75
2211,0.7547176256775856,,9.19,52454,9457.94
2212,0.7799136862158775,,9.78,52811,9467.72
2213,0.7662738114595413,,9.86,52811,9477.58
2214,0.7660669684410095,,9.46,52389,9487.04
2215,0.7575607895851135,0.8870736161867777,9.15,52820,9496.19
2216,0.738945908844471,,9.07,52743,9505.26
2217,0.7390561923384666,,8.83,52662,9514.09
2218,0.7431451678276062,,10.12,52746,9524.21
2219,0.7184522449970245,,9.90,52671,9534.10
2220,0.7447483912110329,0.9662372271219889,9.55,52963,9543.65
2221,0.7328951582312584,,9.26,52520,9552.92
2222,0.7393168583512306,,9.52,52658,9562.43
2223,0.7252418249845505,,8.98,52871,9571.42
2224,0.7124173194169998,,8.93,52646,9580.35
2225,0.7235706895589828,0.9056326349576315,8.70,53149,9589.04
2226,0.6996199488639832,,8.75,52724,9597.79
2227,0.835299976170063,,9.41,52332,9607.21
2228,0.7086025476455688,,9.17,52568,9616.38
2229,0.7584926933050156,,9.02,52508,9625.39
2230,0.7823642566800117,0.9021997451782227,9.53,52387,9634.92
2231,0.7549557760357857,,9.18,52604,9644.10
2232,0.7372460216283798,,9.04,52464,9653.14
2233,0.740994781255722,,8.92,53088,9662.05
2234,0.7205820977687836,,8.71,52522,9670.76
2235,0.7910209372639656,0.971060315767924,9.22,53059,9679.98
2236,0.7285745367407799,,8.99,52849,9688.97
2237,0.8009302988648415,,9.07,52620,9698.04
2238,0.7488111928105354,,9.56,52724,9707.60
2239,0.7523721307516098,,8.74,52346,9716.34
2240,0.7697786539793015,0.9025400678316752,9.40,52587,9725.74
2241,0.7335990369319916,,8.95,52356,9734.69
2242,0.7943403050303459,,9.17,52744,9743.86
2243,0.7519733533263206,,9.60,52638,9753.46
2244,0.7474600821733475,,9.38,52600,9762.84
2245,0.76788479834795,0.9484203656514486,9.02,52585,9771.87
2246,0.7606046572327614,,9.03,52661,9780.90
2247,0.7598028779029846,,10.03,53009,9790.93
2248,0.7552345842123032,,8.99,52865,9799.92
2249,0.767653726041317,,9.51,52929,9809.44
2250,0.7622820809483528,0.9541431665420532,29.69,52657,9839.13
2251,0.8116695433855057,,9.52,52241,9848.65
2252,0.7189603000879288,,8.99,52721,9857.64
2253,0.7746596038341522,,9.48,52817,9867.11
2254,0.7515521869063377,,10.13,52355,9877.24
2255,0.7486726567149162,0.884531299273173,9.03,52681,9886.27
2256,0.7867516502737999,,9.22,52677,9895.49
2257,0.7364360690116882,,8.99,52533,9904.48
2258,0.7619819641113281,,9.54,52470,9914.02
2259,0.7501564249396324,,9.35,52388,9923.37
2260,0.7282934710383415,0.9048390587170919,9.06,52255,9932.44
2261,0.7098826467990875,,9.68,52763,9942.11
2262,0.7508944347500801,,9.31,52594,9951.42
2263,0.7285307571291924,,9.83,52346,9961.25
2264,0.7711933106184006,,9.03,52678,9970.28
2265,0.730464793741703,0.9682543079058329,9.37,52445,9979.65
2266,0.7218068912625313,,9.76,52586,9989.41
2267,0.7779643386602402,,9.86,52881,9999.26
2268,0.7661944851279259,,9.71,52700,10008.97
2269,0.7257005944848061,,9.19,52734,10018.16
2270,0.719095416367054,0.9027420878410339,9.54,52869,10027.70
2271,0.7876962944865227,,9.15,52591,10036.85
2272,0.7580313757061958,,8.98,52976,10045.83
2273,0.7664147540926933,,9.06,52931,10054.89
2274,0.7583699002861977,,9.32,52477,10064.21
2275,0.7541314736008644,0.8455998102823893,9.36,52640,10073.58
2276,0.727008730173111,,9.45,52654,10083.02
2277,0.7946013510227203,,9.59,52377,10092.61
2278,0.7519119381904602,,9.72,52315,10102.33
2279,0.7522973045706749,,9.85,52556,10112.18
2280,0.7170536294579506,0.894233783086141,9.45,53012,10121.63
2281,0.7697756141424179,,9.51,52655,10131.14
2282,0.7456205785274506,,10.09,52796,10141.23
2283,0.7211688458919525,,9.49,52560,10150.72
2284,0.7902653217315674,,9.51,52736,10160.22
2285,0.748904675245285,0.9074774583180746,9.96,52823,10170.18
2286,0.7422620877623558,,9.66,52580,10179.84
2287,0.7601481229066849,,9.08,52747,10188.93
2288,0.7415171712636948,,9.37,52497,10198.29
2289,0.7960757315158844,,10.02,52978,10208.31
2290,0.8493975326418877,0.8855534593264262,9.24,52614,10217.55
2291,0.7500286772847176,,8.80,52797,10226.35
2292,0.7116861268877983,,9.51,52655,10235.86
2293,0.7634784355759621,,9.94,52972,10245.80
2294,0.7767739519476891,,9.68,52711,10255.48
2295,0.7121326178312302,0.9263720313707987,9.70,52987,10265.18
2296,0.7242493703961372,,10.07,52574,10275.25
2297,0.7653342708945274,,9.56,52844,10284.81
2298,0.7306485325098038,,9.77,52849,10294.58
2299,0.7365406677126884,,9.53,52590,10304.11
2300,0.7400436028838158,0.9532314340273539,9.19,52515,10313.30
2301,0.7491898536682129,,9.25,52803,10322.55
2302,0.7626426964998245,,9.86,52696,10332.41
2303,0.7697963491082191,,9.51,52946,10341.92
2304,0.7715990096330643,,9.48,52880,10351.39
2305,0.7386697828769684,0.8028155167897543,9.02,52395,10360.41
2306,0.7720583230257034,,8.98,52666,10369.39
2307,0.7873177602887154,,9.87,52581,10379.26
2308,0.7156764194369316,,9.36,52289,10388.62
2309,0.7146250158548355,,9.84,52397,10398.46
2310,0.7358436584472656,0.8956278363863627,9.36,52861,10407.82
2311,0.7461672350764275,,9.54,52697,10417.36
2312,0.712785616517067,,9.40,52784,10426.76
2313,0.7424876093864441,,9.50,52918,10436.25
2314,0.7460697516798973,,9.79,52954,10446.05
2315,0.740901842713356,0.9120084047317505,9.39,52565,10455.43
2316,0.7204499989748001,,9.91,52716,10465.35
2317,0.7355470657348633,,9.17,52988,10474.52
2318,0.7805352360010147,,9.21,52436,10483.73
2319,0.7260347381234169,,8.97,52739,10492.70
2320,0.7373692542314529,0.8948555191357931,8.95,52707,10501.65
2321,0.736505001783371,,9.27,52463,10510.92
2322,0.7797003760933876,,8.86,52810,10519.78
2323,0.7469306960701942,,9.45,52884,10529.24
2324,0.7080629393458366,,8.65,52684,10537.88
2325,0.7715649530291557,0.9120171467463175,9.91,52758,10547.79
2326,0.7905274406075478,,8.96,52870,10556.75
2327,0.8026631772518158,,8.47,52495,10565.22
2328,0.7529294565320015,,9.08,52661,10574.30
2329,0.7601066380739212,,8.59,52915,10582.89
2330,0.78211709856987,0.9057762821515402,9.58,52519,10592.48
2331,0.7430565804243088,,9.15,52693,10601.62
2332,0.7227421402931213,,8.88,52577,10610.50
2333,0.7458177134394646,,9.34,52966,10619.84
2334,0.7134900316596031,,9.22,52365,10629.06
2335,0.77811249345541,0.9828478892644247,9.43,52390,10638.50
2336,0.7925573065876961,,8.91,52643,10647.41
2337,0.6965691968798637,,9.56,52308,10656.97
2338,0.7951638698577881,,9.44,52819,10666.41
2339,0.7591692954301834,,9.82,52838,10676.23
2340,0.7430521547794342,0.9154904882113138,9.61,52947,10685.83
2341,0.7607608512043953,,8.94,52718,10694.77
2342,0.7097200155258179,,9.61,52689,10704.38
2343,0.7760715261101723,,9.15,52644,10713.52
2344,0.7596423402428627,,9.34,52715,10722.86
2345,0.6945593506097794,0.8708324432373047,9.31,52880,10732.17
2346,0.7385731190443039,,8.53,52566,10740.70
2347,0.7438293471932411,,9.34,52894,10750.03
2348,0.7534764558076859,,9.27,52446,10759.31
2349,0.7727524489164352,,8.90,52431,10768.21
2350,0.7460320442914963,0.9496663411458334,9.35,52339,10777.56
2351,0.7097670286893845,,9.33,52858,10786.89
2352,0.712639220058918,,9.66,52653,10796.55
2353,0.7495568320155144,,9.66,52779,10806.21
2354,0.7595348581671715,,9.13,52816,10815.34
2355,0.743413582444191,0.8712301254272461,9.32,52466,10824.66
2356,0.740129716694355,,9.17,52532,10833.83
2357,0.7282796576619148,,9.49,52416,10843.32
2358,0.7044805809855461,,9.71,52701,10853.03
2359,0.727516770362854,,8.93,52740,10861.96
2360,0.7374999895691872,0.9327819546063741,9.58,52968,10871.54
2361,0.718529962003231,,9.32,52533,10880.86
2362,0.7500237077474594,,9.82,52987,10890.68
2363,0.7469923570752144,,9.32,52761,10900.00
2364,0.7410422042012215,,9.21,53042,10909.21
2365,0.7165209129452705,0.8680157860120138,9.60,52984,10918.81
2366,0.7274340242147446,,10.08,52764,10928.89
2367,0.7328332662582397,,9.79,52738,10938.68
2368,0.7628381177783012,,9.38,52632,10948.06
2369,0.7605579197406769,,9.74,52349,10957.79
2370,0.7568247467279434,0.9057919581731161,9.52,52765,10967.32
2371,0.7134273871779442,,9.15,52624,10976.47
2372,0.757543683052063,,9.51,52405,10985.98
2373,0.722849890589714,,10.04,52734,10996.02
2374,0.764409251511097,,9.45,52458,11005.47
2375,0.7391698956489563,0.9193881948788961,9.10,52323,11014.57
2376,0.7632303759455681,,9.78,52414,11024.35
2377,0.7056508511304855,,9.83,52441,11034.19
2378,0.7421155497431755,,9.80,52764,11043.99
2379,0.7391616627573967,,8.88,52513,11052.87
2380,0.7478711158037186,0.9681511720021566,9.77,52465,11062.64
2381,0.7884789258241653,,9.97,52664,11072.61
2382,0.7770387232303619,,9.68,53046,11082.30
2383,0.7265300452709198,,8.99,52514,11091.29
2384,0.7325324714183807,,9.48,52708,11100.76
2385,0.7459848001599312,0.8694894115130106,9.20,52315,11109.97
2386,0.7369177639484406,,8.56,52824,11118.53
2387,0.756492555141449,,9.59,52828,11128.12
2388,0.7230582237243652,,8.76,52846,11136.88
2389,0.7764662876725197,,9.07,52563,11145.95
2390,0.7374469414353371,0.9094724456469218,8.66,53306,11154.61
2391,0.7941983863711357,,9.09,52666,11163.70
2392,0.7060056552290916,,9.04,52505,11172.74
2393,0.7133948355913162,,8.64,52833,11181.39
2394,0.7406890690326691,,9.10,52408,11190.48
2395,0.7514036446809769,0.9634901086489359,8.84,52518,11199.33
2396,0.7338770925998688,,8.80,52454,11208.13
2397,0.7197647467255592,,9.14,52609,11217.28
2398,0.7237287536263466,,9.20,52496,11226.47
2399,0.7603508532047272,,9.35,52718,11235.82
2400,0.7356126680970192,0.9042327006657919,8.94,52947,11244.76
2401,0.7213550508022308,,8.88,53208,11253.63
2402,0.7389366552233696,,9.46,52534,11263.09
2403,0.7270620763301849,,8.59,52611,11271.68
2404,0.770356185734272,,9.13,52840,11280.81
2405,0.7270627543330193,0.9033342401186625,9.10,52642,11289.91
2406,0.7880675345659256,,9.19,52688,11299.09
2407,0.7235105484724045,,8.47,52657,11307.57
2408,0.7432256117463112,,8.65,52542,11316.22
2409,0.7559574618935585,,8.32,52617,11324.54
2410,0.7657325342297554,0.972909152507782,8.69,52740,11333.23
2411,0.7625891119241714,,8.63,52686,11341.87
2412,0.7311519533395767,,9.06,52731,11350.93
2413,0.7397794723510742,,9.07,52726,11360.00
2414,0.7147861123085022,,8.98,52770,11368.97
2415,0.6888454705476761,0.9269065062204996,8.63,52641,11377.60
2416,0.7063745781779289,,8.24,52577,11385.84
2417,0.763187937438488,,8.44,52647,11394.28
2418,0.7718462347984314,,9.02,52850,11403.30
2419,0.7309852614998817,,8.17,52763,11411.47
2420,0.7596903517842293,1.0465242465337117,9.12,52521,11420.59
2421,0.7064783573150635,,8.91,52687,11429.50
2422,0.7569392770528793,,8.16,52817,11437.66
2423,0.7487952336668968,,8.57,52696,11446.22
2424,0.7714405804872513,,8.79,52559,11455.02
2425,0.7342984825372696,0.9938483834266663,8.94,52658,11463.96
2426,0.7359980344772339,,8.76,52495,11472.72
2427,0.7459427416324615,,8.63,52738,11481.35
2428,0.7759066820144653,,9.35,52457,11490.69
2429,0.7629308179020882,,9.26,52933,11499.95
2430,0.7298030480742455,0.8971783320109049,8.90,52716,11508.86
2431,0.7632393464446068,,8.56,52398,11517.42
2432,0.7535826787352562,,8.25,52539,11525.67
2433,0.7771638482809067,,8.66,52475,11534.33
2434,0.725662924349308,,8.75,52775,11543.08
2435,0.7188993617892265,0.9636378685633341,8.33,52538,11551.41
2436,0.7803336307406425,,8.54,52467,11559.95
2437,0.714524507522583,,8.53,52543,11568.49
2438,0.7343461811542511,,8.37,52705,11576.86
2439,0.7354100346565247,,8.07,52854,11584.92
2440,0.7117063328623772,0.9617408911387125,8.81,52634,11593.74
2441,0.7739190757274628,,9.53,52462,11603.26
2442,0.7333259508013725,,9.38,52639,11612.64
2443,0.7819793745875359,,8.44,52774,11621.08
2444,0.6970718279480934,,8.81,52717,11629.89
2445,0.7528366968035698,0.9422779679298401,9.40,52994,11639.29
2446,0.751090832054615,,9.06,52619,11648.35
2447,0.7556855976581573,,9.49,52816,11657.84
2448,0.7636369317770004,,9.40,52444,11667.24
2449,0.7323857024312019,,9.08,52639,11676.31
2450,0.7477179914712906,0.9741511543591818,8.65,52236,11684.97
2451,0.715553529560566,,8.68,52881,11693.64
2452,0.6855848506093025,,8.89,52437,11702.54
2453,0.7409395948052406,,8.49,52991,11711.03
2454,0.7033564299345016,,8.99,52944,11720.02
2455,0.7412793338298798,0.9050092101097107,8.36,52604,11728.37
2456,0.757683515548706,,9.36,52691,11737.74
2457,0.7382491230964661,,8.87,52579,11746.61
2458,0.7470345199108124,,9.35,52379,11755.96
2459,0.763600617647171,,9.47,52940,11765.43
2460,0.7580370754003525,0.934080183506012,8.99,52622,11774.42
2461,0.7665417715907097,,9.04,52888,11783.45
2462,0.7390698492527008,,8.69,52920,11792.14
2463,0.7055842876434326,,8.98,52755,11801.12
2464,0.7178715765476227,,8.58,52601,11809.70
2465,0.7758165597915649,0.9179761012395223,8.42,52481,11818.12
2466,0.7436158284544945,,8.88,52884,11827.00
2467,0.7313947379589081,,8.77,52758,11835.77
2468,0.7677271589636803,,9.28,52607,11845.06
2469,0.7710529118776321,,8.87,52721,11853.93
2470,0.6873735040426254,0.8876863916714987,8.94,52998,11862.87
2471,0.7194934785366058,,8.56,53016,11871.43
2472,0.7484014183282852,,9.07,52749,11880.50
2473,0.739083394408226,,8.99,52368,11889.49
2474,0.7522206008434296,,9.33,52477,11898.82
2475,0.7427639439702034,0.9568092425664266,9.51,52867,11908.32
2476,0.7285095229744911,,9.19,52549,11917.51
2477,0.7142984047532082,,8.80,52659,11926.31
2478,0.7027423903346062,,8.77,52799,11935.08
2479,0.7410062626004219,,8.62,52922,11943.71
2480,0.6990463137626648,0.8732229868570963,8.52,52530,11952.22
2481,0.7462966218590736,,8.66,52415,11960.89
2482,0.7475486621260643,,8.99,52640,11969.88
2483,0.7109232619404793,,9.36,52563,11979.24
2484,0.7060715332627296,,8.84,52793,11988.08
2485,0.7587897330522537,0.9763665596644083,9.46,52637,11997.54
2486,0.7284049168229103,,9.26,52682,12006.80
2487,0.7470806539058685,,9.10,52399,12015.89
2488,0.7504094168543816,,8.95,52763,12024.85
2489,0.7489023879170418,,9.29,52293,12034.14
2490,0.735043354332447,0.8331068158149719,8.75,52640,12042.90
2491,0.7445305213332176,,8.88,52809,12051.78
2492,0.7430976405739784,,9.03,52777,12060.81
2493,0.7480159103870392,,9.47,52789,12070.28
2494,0.7310027703642845,,9.49,52970,12079.77
2495,0.7488773837685585,0.9375265638033549,8.71,52528,12088.48
2496,0.7851244062185287,,8.85,52506,12097.33
2497,0.7912745475769043,,8.48,52637,12105.81
2498,0.7431232929229736,,8.38,53025,12114.19
2499,0.726472295820713,,8.72,52843,12122.91
2500,0.7433391436934471,0.8914045890172323,8.78,52596,12131.69
2501,0.7877149060368538,,8.27,52566,12139.96
2502,0.7742147743701935,,8.31,52784,12148.28
2503,0.7412406504154205,,8.34,52858,12156.61
2504,0.702147826552391,,8.23,52669,12164.84
2505,0.751499705016613,0.8202229738235474,8.34,52671,12173.19
2506,0.7175516039133072,,8.62,52652,12181.80
2507,0.7350792735815048,,8.69,52795,12190.49
2508,0.7320200800895691,,8.74,52760,12199.23
2509,0.7137244567275047,,8.63,52668,12207.86
2510,0.7494830936193466,0.9319228529930115,8.64,52647,12216.50
2511,0.7098623514175415,,8.61,53143,12225.11
2512,0.716947115957737,,8.85,52624,12233.96
2513,0.7451980859041214,,9.05,52973,12243.01
2514,0.7158404812216759,,8.85,53113,12251.87
2515,0.7499063462018967,0.9388347864151001,8.53,52542,12260.40
2516,0.7281237542629242,,8.83,52700,12269.22
2517,0.6793311238288879,,8.94,52712,12278.16
2518,0.7331445217132568,,8.64,52846,12286.80
2519,0.7112233936786652,,8.92,52562,12295.72
2520,0.7066906094551086,0.8953075011571249,9.10,52607,12304.82
2521,0.805424228310585,,8.74,52840,12313.56
2522,0.7519409358501434,,8.99,52712,12322.55
2523,0.7654016017913818,,9.40,52496,12331.95
2524,0.7307745739817619,,9.03,52282,12340.98
2525,0.7804547101259232,0.8813040057818095,8.83,53121,12349.81
2526,0.7183277532458305,,8.49,52586,12358.30
2527,0.7521487474441528,,8.93,52603,12367.23
2528,0.703800305724144,,8.81,52482,12376.04
2529,0.7514283284544945,,8.65,52755,12384.69
2530,0.7250427305698395,0.9119645357131958,8.83,52785,12393.52
2531,0.772286981344223,,8.73,52582,12402.25
2532,0.7445142641663551,,8.87,53066,12411.12
2533,0.7138766124844551,,8.73,52701,12419.85
2534,0.724671445786953,,9.36,52958,12429.20
2535,0.709905818104744,0.9803698857625326,8.54,52909,12437.75
2536,0.7568156644701958,,8.96,52960,12446.70
2537,0.7654519602656364,,8.97,52748,12455.67
2538,0.7636465281248093,,9.22,52365,12464.90
2539,0.7181503549218178,,8.33,52512,12473.23
2540,0.7564136311411858,0.9559879302978516,8.74,52745,12481.97
2541,0.7598872929811478,,8.76,52658,12490.73
2542,0.7260359153151512,,8.88,52449,12499.60
2543,0.716533824801445,,9.42,52551,12509.02
2544,0.7472543269395828,,8.34,52588,12517.36
2545,0.7463440969586372,0.8927990396817526,9.20,52499,12526.56
2546,0.6886353269219398,,8.31,52959,12534.87
2547,0.7094059213995934,,8.13,52490,12543.01
2548,0.731426052749157,,9.51,52715,12552.52
2549,0.7359924092888832,,8.64,53083,12561.16
2550,0.7554487586021423,0.9342975417772929,8.29,52479,12569.45
2551,0.7273389101028442,,8.83,52411,12578.28
2552,0.7600076124072075,,8.56,52701,12586.85
2553,0.7445572763681412,,9.51,52690,12596.35
2554,0.7350776493549347,,9.39,52735,12605.75
2555,0.7337262630462646,1.0005449652671814,9.43,53049,12615.18
2556,0.7404225394129753,,8.15,52596,12623.33
2557,0.7111485227942467,,8.66,52981,12631.99
2558,0.7945848777890205,,8.37,52766,12640.36
2559,0.7197295501828194,,9.23,52774,12649.59
2560,0.7320645526051521,0.8616043527921041,8.79,52645,12658.37
2561,0.7853324264287949,,8.72,52887,12667.10
2562,0.7845583483576775,,9.28,52847,12676.37
2563,0.8109565377235413,,9.13,52338,12685.50
2564,0.7110757827758789,,9.31,52681,12694.81
2565,0.7157166972756386,0.9894649585088094,9.32,52958,12704.13
2566,0.7148119807243347,,9.08,52898,12713.21
2567,0.7116625905036926,,8.78,52601,12722.00
2568,0.7510426267981529,,9.44,52753,12731.44
2569,0.7097191363573074,,9.14,52499,12740.58
2570,0.6840506568551064,1.0155667662620544,8.84,52890,12749.43
2571,0.7478320226073265,,8.62,52871,12758.05
2572,0.7772657796740532,,8.70,52601,12766.75
2573,0.7250181958079338,,8.53,52592,12775.28
2574,0.7446889504790306,,8.72,52700,12784.00
2575,0.7368435263633728,0.9064130584398905,8.76,52455,12792.76
2576,0.7538989260792732,,9.11,53066,12801.87
2577,0.7667475491762161,,8.62,52705,12810.49
2578,0.7244306430220604,,9.03,52721,12819.52
2579,0.7214257717132568,,8.67,52738,12828.19
2580,0.696433775126934,0.9293859402338663,9.14,53021,12837.33
2581,0.7226972505450249,,8.63,52825,12845.96
2582,0.7042574808001518,,9.13,52556,12855.09
2583,0.7243461757898331,,8.34,52566,12863.43
2584,0.7313961535692215,,9.03,52313,12872.46
2585,0.7541010156273842,0.9041086037953695,8.55,53006,12881.01
2586,0.7342392951250076,,9.27,52816,12890.28
2587,0.7571224570274353,,8.78,52466,12899.05
2588,0.7403131797909737,,8.80,52793,12907.86
2589,0.7235854417085648,,8.50,52972,12916.36
2590,0.732097364962101,0.8522684375445048,9.13,52404,12925.49
2591,0.723289392888546,,8.87,52814,12934.36
2592,0.7308067157864571,,8.03,52600,12942.39
2593,0.6905562207102776,,8.61,52225,12951.00
2594,0.7277224808931351,,8.18,52510,12959.18
2595,0.7792910933494568,0.9585773547490438,8.22,52803,12967.39
2596,0.7691825926303864,,8.84,52673,12976.23
2597,0.7757928445935249,,8.11,52788,12984.35
2598,0.7369798123836517,,8.24,52674,12992.59
2599,0.7188954725861549,,8.19,52534,13000.78
2600,0.7072038426995277,0.9484214782714844,8.26,52847,13009.04
2601,0.7646104022860527,,7.30,52350,13016.34
2602,0.7218890711665154,,7.62,53069,13023.96
2603,0.742588959634304,,8.12,52853,13032.08
2604,0.7569491416215897,,8.10,52599,13040.18
2605,0.7291351705789566,0.8727215727170309,7.39,52612,13047.57
2606,0.7436683103442192,,8.12,52760,13055.69
2607,0.6861069202423096,,7.86,52562,13063.55
2608,0.7313149496912956,,9.04,52804,13072.59
2609,0.7147752419114113,,9.87,52598,13082.47
2610,0.7089303731918335,0.8948700229326884,9.34,52688,13091.80
2611,0.7488157600164413,,9.65,52625,13101.46
2612,0.7082406505942345,,10.59,52841,13112.05
2613,0.7130318582057953,,9.75,52663,13121.80
2614,0.7391321063041687,,10.26,52571,13132.06
2615,0.6966552883386612,0.9077980717023214,9.25,52403,13141.31
2616,0.7357010915875435,,10.08,52670,13151.39
2617,0.7110815569758415,,9.95,52963,13161.34
2618,0.7568136975169182,,10.16,52792,13171.50
2619,0.7092654183506966,,8.85,52654,13180.35
2620,0.7321710288524628,0.8872370719909668,9.52,52267,13189.87
2621,0.7024931535124779,,9.58,52955,13199.45
2622,0.7538350075483322,,9.74,52699,13209.20
2623,0.6968390643596649,,9.48,52778,13218.68
2624,0.7276867777109146,,9.34,52657,13228.02
2625,0.7425376698374748,0.9401832620302836,9.12,52556,13237.14
2626,0.7601648271083832,,9.47,52629,13246.61
2627,0.713662751019001,,8.78,52575,13255.40
2628,0.6918149366974831,,9.07,52606,13264.47
2629,0.7246523499488831,,9.02,52919,13273.49
2630,0.7886174023151398,0.910358210404714,9.18,52684,13282.67
2631,0.7490259781479836,,9.43,52742,13292.10
2632,0.7386565431952477,,9.13,52822,13301.22
2633,0.7049301788210869,,8.72,52992,13309.94
2634,0.7235389202833176,,9.12,52503,13319.06
2635,0.7525666058063507,0.9293039639790853,8.94,52678,13328.00
2636,0.7644050270318985,,8.64,52364,13336.64
2637,0.7717968076467514,,9.42,52418,13346.05
2638,0.6981528177857399,,8.90,52413,13354.95
2639,0.6969216242432594,,8.30,52405,13363.26
2640,0.7181627005338669,0.8706207076708475,8.54,52741,13371.80
2641,0.7299943044781685,,8.53,52607,13380.33
2642,0.6816571354866028,,8.83,52447,13389.16
2643,0.7296623662114143,,8.96,52493,13398.12
2644,0.7255396619439125,,8.72,52627,13406.84
2645,0.7095120176672935,0.9624225894610087,8.02,53082,13414.87
2646,0.7113257870078087,,8.74,52349,13423.61
2647,0.6851585283875465,,9.40,52476,13433.01
2648,0.7363857328891754,,9.35,52527,13442.36
2649,0.6966589912772179,,8.53,52510,13450.88
2650,0.7200880572199821,0.9667825698852539,9.29,52695,13460.17
2651,0.739566795527935,,8.93,52883,13469.10
2652,0.7051107734441757,,8.70,53043,13477.81
2653,0.7185029610991478,,8.96,52436,13486.77
2654,0.7846059575676918,,8.88,52725,13495.65
2655,0.7238324359059334,0.9302912553151449,8.23,52724,13503.88
2656,0.781706377863884,,9.40,52936,13513.27
2657,0.7256147637963295,,9.45,52636,13522.73
2658,0.7277823984622955,,9.38,52465,13532.10
2659,0.7185150757431984,,8.98,52747,13541.09
2660,0.6950904056429863,0.8948042591412863,8.79,52589,13549.88
2661,0.7612668126821518,,8.64,52478,13558.52
2662,0.7596651315689087,,8.98,52889,13567.50
2663,0.7353801354765892,,9.39,52651,13576.90
2664,0.7282543331384659,,9.58,52873,13586.48
2665,0.7726641893386841,0.9237966736157736,9.03,52620,13595.51
2666,0.7644722387194633,,8.85,52632,13604.36
2667,0.7307347357273102,,8.60,52426,13612.97
2668,0.6961013972759247,,9.02,52651,13621.99
2669,0.6880605444312096,,9.12,53032,13631.11
2670,0.7111304327845573,0.8652416467666626,7.68,52650,13638.80
2671,0.7542582377791405,,8.17,52756,13646.97
2672,0.7493209168314934,,8.12,52447,13655.09
2673,0.6674497649073601,,8.13,52588,13663.23
2674,0.7338105142116547,,8.56,52941,13671.78
2675,0.7465529963374138,0.8797810475031534,8.34,52745,13680.12
2676,0.7141441851854324,,8.05,52385,13688.18
2677,0.7242680564522743,,8.19,52732,13696.36
2678,0.6986574530601501,,8.74,52531,13705.11
2679,0.732489213347435,,8.16,52667,13713.27
2680,0.7523783445358276,0.8940111398696899,8.85,52849,13722.12
2681,0.7209519743919373,,8.36,52872,13730.48
2682,0.7436031401157379,,8.26,52903,13738.74
2683,0.7114469483494759,,8.17,52553,13746.92
2684,0.7129966616630554,,8.61,53147,13755.53
2685,0.7570503130555153,0.9010568459828695,8.84,52639,13764.37
2686,0.7539370507001877,,8.41,52853,13772.78
2687,0.7037070244550705,,8.91,52357,13781.69
2688,0.7555565908551216,,8.23,52561,13789.92
2689,0.7110317572951317,,8.49,52587,13798.41
2690,0.6761424615979195,1.0034923950831096,8.64,52559,13807.04
2691,0.7530028596520424,,8.70,52591,13815.75
2692,0.7026511654257774,,8.59,52601,13824.33
2693,0.7577050477266312,,8.92,52710,13833.26
2694,0.7356327623128891,,8.44,52453,13841.70
2695,0.6979268491268158,0.9466769297917684,8.38,52546,13850.08
2696,0.7771864607930183,,8.21,52594,13858.29
2697,0.7452772259712219,,8.77,52687,13867.06
2698,0.6915574222803116,,8.12,52372,13875.18
2699,0.7256108224391937,,8.88,52809,13884.06
2700,0.700988844037056,0.9101528724034628,8.89,52615,13892.95
2701,0.7333859354257584,,8.73,52749,13901.68
2702,0.7102163806557655,,9.00,52501,13910.68
2703,0.8062727674841881,,8.98,52590,13919.66
2704,0.7099897563457489,,8.85,52744,13928.51
2705,0.7009554579854012,0.8983817299207052,9.20,52446,13937.70
2706,0.7246834114193916,,8.73,52377,13946.43
2707,0.7858347594738007,,8.88,52585,13955.32
2708,0.7391110211610794,,8.99,52711,13964.30
2709,0.7296696305274963,,8.82,52596,13973.12
2710,0.7571361288428307,0.888943592707316,8.84,52634,13981.96
2711,0.7214368283748627,,9.31,52487,13991.27
2712,0.7196507304906845,,8.53,52534,13999.80
2713,0.6753679364919662,,8.74,52571,14008.54
2714,0.7538752406835556,,9.05,52341,14017.59
2715,0.7759750634431839,0.9361844460169474,8.64,52745,14026.23
2716,0.7548104971647263,,8.90,52609,14035.12
2717,0.7098867669701576,,8.82,52401,14043.95
2718,0.7274914011359215,,8.66,52572,14052.61
2719,0.719110332429409,,7.93,52748,14060.54
2720,0.7224994823336601,0.9182181159655253,8.70,53051,14069.24
2721,0.7465896457433701,,8.55,52618,14077.80
2722,0.727933719754219,,8.70,52683,14086.49
2723,0.699402816593647,,8.68,52864,14095.17
2724,0.7062791362404823,,8.75,52184,14103.92
2725,0.7370818108320236,1.0200600822766621,8.52,52746,14112.44
2726,0.7533528059720993,,8.64,52457,14121.07
2727,0.7521991357207298,,8.46,52718,14129.53
2728,0.7244338840246201,,9.10,52474,14138.64
2729,0.7361512631177902,,8.34,52402,14146.98
2730,0.7436475306749344,1.0114785432815552,8.29,52852,14155.27
2731,0.7192957252264023,,8.69,52841,14163.96
2732,0.6924054846167564,,8.42,52528,14172.38
2733,0.7415527328848839,,9.13,52578,14181.51
2734,0.7649236172437668,,8.90,52804,14190.41
2735,0.7282567247748375,0.8610450228055319,8.48,52554,14198.89
2736,0.7212537825107574,,9.40,52434,14208.29
2737,0.6819459497928619,,9.24,52522,14217.53
2738,0.7356768250465393,,9.59,52320,14227.12
2739,0.7758228555321693,,8.61,52369,14235.73
2740,0.7503724172711372,0.9859055479367574,8.90,52973,14244.63
2741,0.7037396132946014,,8.89,52653,14253.52
2742,0.7589239627122879,,9.02,52803,14262.54
2743,0.7749475911259651,,8.75,52630,14271.29
2744,0.7214660570025444,,8.94,52453,14280.23
2745,0.7311746552586555,0.9470921754837036,8.99,52505,14289.21
2746,0.7288966104388237,,9.33,52746,14298.55
2747,0.6928083300590515,,9.02,52706,14307.57
2748,0.7266587167978287,,9.25,52820,14316.82
2749,0.7641072422266006,,8.89,52716,14325.72
2750,0.7233149856328964,0.8919645945231119,8.87,52763,14334.59
2751,0.7434733659029007,,9.12,52580,14343.71
2752,0.7113505303859711,,8.20,52343,14351.90
2753,0.6965642347931862,,8.19,52537,14360.10
2754,0.7554341033101082,,8.43,52885,14368.53
2755,0.7230586782097816,0.9458381732304891,8.59,52469,14377.12
2756,0.7161548063158989,,8.79,52529,14385.91
2757,0.7555366158485413,,8.92,52413,14394.83
2758,0.6677587777376175,,9.39,52849,14404.22
2759,0.6886341199278831,,8.94,52713,14413.17
2760,0.7355782836675644,0.8153184851010641,8.90,52357,14422.07
2761,0.7662607431411743,,8.63,52854,14430.70
2762,0.7103568390011787,,8.78,52821,14439.47
2763,0.7258850038051605,,9.29,52313,14448.76
2764,0.6919410452246666,,8.92,52572,14457.68
2765,0.7509812042117119,0.88727734486262,9.05,52441,14466.74
2766,0.7370066270232201,,8.39,52589,14475.13
2767,0.7461844235658646,,8.62,52361,14483.75
2768,0.7500946596264839,,9.12,53077,14492.88
2769,0.7597168609499931,,8.87,52428,14501.75
2770,0.6809374690055847,0.9754883845647176,8.81,52389,14510.56
2771,0.7032070234417915,,9.13,52525,14519.69
2772,0.6930011212825775,,8.63,52602,14528.32
2773,0.6923193335533142,,9.56,52481,14537.87
2774,0.7205809354782104,,8.70,52855,14546.57
2775,0.7267563790082932,0.9801069895426432,28.10,52724,14574.68
2776,0.7678135484457016,,8.60,52543,14583.28
2777,0.7402728796005249,,8.77,52655,14592.04
2778,0.6923615485429764,,8.97,52608,14601.01
2779,0.7522439584136009,,8.98,52645,14609.99
2780,0.7438561394810677,0.9733479022979736,9.40,52629,14619.39
2781,0.695669911801815,,9.01,52599,14628.39
2782,0.7036290615797043,,8.50,52940,14636.89
2783,0.734565258026123,,8.76,52510,14645.66
2784,0.7290366217494011,,9.13,52969,14654.79
2785,0.7227590754628181,0.9576734304428101,8.94,52379,14663.73
2786,0.7245545610785484,,9.25,52900,14672.98
2787,0.7096464037895203,,9.14,52514,14682.12
2788,0.7143494114279747,,9.16,52606,14691.27
2789,0.7137802764773369,,9.17,52450,14700.45
2790,0.6999387219548225,0.8920252124468485,9.30,52629,14709.74
2791,0.6900697723031044,,8.63,52810,14718.37
2792,0.7384397312998772,,8.78,52705,14727.16
2793,0.7003191262483597,,9.37,52524,14736.53
2794,0.7168110758066177,,8.65,52798,14745.18
2795,0.7035375833511353,0.9094889760017395,8.41,52611,14753.59
2796,0.6887218952178955,,8.27,52586,14761.86
2797,0.7173461616039276,,8.94,53124,14770.80
2798,0.7505435794591904,,8.58,52527,14779.39
2799,0.7211845070123672,,9.14,52675,14788.53
2800,0.7794661298394203,0.9340593020121256,8.94,52728,14797.47
2801,0.6878105849027634,,8.39,53030,14805.86
2802,0.7237730026245117,,8.41,52581,14814.27
2803,0.7280347421765327,,8.18,52738,14822.45
2804,0.6870605796575546,,8.64,52820,14831.09
2805,0.7355770990252495,0.9424727559089661,8.65,52644,14839.73
2806,0.8085842356085777,,8.68,52918,14848.41
2807,0.7719066888093948,,8.64,52529,14857.05
2808,0.7335445806384087,,8.31,52674,14865.36
2809,0.6878677606582642,,8.31,52683,14873.67
2810,0.7676012367010117,0.8589611649513245,9.06,52316,14882.73
2811,0.7430829480290413,,8.84,52374,14891.57
2812,0.7399559542536736,,8.59,52453,14900.16
2813,0.7077082470059395,,9.36,52566,14909.52
2814,0.7572709769010544,,8.81,52995,14918.33
2815,0.6867968738079071,0.975980281829834,9.12,52825,14927.45
2816,0.7003088891506195,,9.18,53002,14936.62
2817,0.7444416433572769,,9.19,52480,14945.82
2818,0.6848435029387474,,8.97,52869,14954.79
2819,0.7455983012914658,,9.36,52546,14964.14
2820,0.7537673786282539,0.8516685167948405,8.94,52603,14973.08
2821,0.6927286610007286,,8.49,52365,14981.57
2822,0.6955884024500847,,8.60,52707,14990.17
2823,0.7101154699921608,,9.18,52900,14999.35
2824,0.7022526413202286,,9.29,52382,15008.64
2825,0.7227418273687363,0.9024393161137899,8.44,52904,15017.08
2826,0.707907609641552,,8.64,52548,15025.72
2827,0.6702776923775673,,8.56,52461,15034.27
2828,0.7195406779646873,,8.72,52309,15043.00
2829,0.7084436938166618,,9.29,52715,15052.29
2830,0.6850963681936264,0.9129288792610168,8.55,52892,15060.84
2831,0.6967675238847733,,8.55,52424,15069.38
2832,0.7614301070570946,,8.79,52875,15078.18
2833,0.7373710945248604,,8.63,52467,15086.81
2834,0.6895693019032478,,8.28,52695,15095.08
2835,0.7149900048971176,0.9555448095003763,8.58,52559,15103.66
2836,0.7060514464974403,,8.72,52630,15112.38
2837,0.7501333877444267,,8.49,52452,15120.87
2838,0.7647311985492706,,8.79,52272,15129.66
2839,0.6782170012593269,,8.82,52532,15138.48
2840,0.7072425186634064,0.9376800855000814,9.49,52263,15147.97
2841,0.7119433805346489,,9.17,52621,15157.14
2842,0.7082045823335648,,8.95,52683,15166.10
2843,0.715642437338829,,9.54,52349,15175.64
2844,0.7504949271678925,,8.80,52678,15184.44
2845,0.7503006160259247,0.9427395661671957,9.28,52601,15193.72
2846,0.7128140404820442,,8.94,52795,15202.66
2847,0.732050783932209,,9.09,52535,15211.74
2848,0.8081251010298729,,8.79,52686,15220.54
2849,0.7612448781728745,,9.13,52355,15229.66
2850,0.7492220103740692,0.9754375219345093,9.09,52608,15238.75
2851,0.7027774900197983,,8.77,52873,15247.52
2852,0.6836814880371094,,9.00,52464,15256.52
2853,0.700386144220829,,9.11,52583,15265.63
2854,0.7217775955796242,,8.85,52557,15274.48
2855,0.7426927089691162,0.9204104542732239,8.60,52657,15283.08
2856,0.7097687274217606,,9.25,52566,15292.33
2857,0.7135732471942902,,8.78,52527,15301.11
2858,0.728680893778801,,8.90,52483,15310.02
2859,0.7396385446190834,,9.12,52730,15319.14
2860,0.7206646353006363,0.9910011887550354,7.77,52680,15326.90
2861,0.7374948635697365,,7.28,52605,15334.18
2862,0.7277667820453644,,7.46,52653,15341.64
2863,0.7184459865093231,,7.72,52603,15349.36
2864,0.7140553444623947,,7.56,52625,15356.92
2865,0.7059293910861015,0.9168349703152975,7.62,52297,15364.54
2866,0.7573715001344681,,7.71,52991,15372.25
2867,0.7704408764839172,,7.65,52791,15379.90
2868,0.6590379625558853,,7.10,52485,15387.01
2869,0.7334168776869774,,7.61,53003,15394.61
2870,0.7043006643652916,0.9314851760864258,7.44,52912,15402.05
2871,0.6952366009354591,,7.26,52581,15409.31
2872,0.744908519089222,,7.82,53118,15417.13
2873,0.7511189803481102,,7.22,52751,15424.35
2874,0.6882197111845016,,7.33,52938,15431.68
2875,0.777352549135685,0.9297625621159872,7.30,52578,15438.98
2876,0.746042437851429,,7.65,52709,15446.63
2877,0.69419776648283,,7.51,52956,15454.15
2878,0.7321678325533867,,7.92,52628,15462.06
2879,0.7425710335373878,,7.23,52807,15469.30
2880,0.7385998517274857,0.9717190861701965,6.76,52619,15476.06
2881,0.756312757730484,,8.13,52535,15484.19
2882,0.721159003674984,,7.22,52760,15491.41
2883,0.6650222837924957,,7.96,52678,15499.37
2884,0.7523164078593254,,7.22,52678,15506.59
2885,0.7149475067853928,0.8900903662045797,7.07,52631,15513.66
2886,0.7068146020174026,,7.77,53074,15521.43
2887,0.6931135505437851,,7.33,52886,15528.76
2888,0.6905798092484474,,7.53,52728,15536.29
