step,train_mse,latent_rms,train_rel_l2,latent_dependence,heldout_codec_rel_l2
0.0,0.09425153111418089,0.0001826388033805415,1.010331355035305,0.006893816404044628,0.7142435908317566
1.0,0.06149197618580527,0.00027225533267483115,,,
2.0,0.052701630811724395,0.00034647827851586044,,,
3.0,0.05002844735566113,0.00043505916255526245,,,
4.0,0.05031586569216516,0.0005659254966303706,,,
5.0,0.05040193795329995,0.0007182971457950771,,,
6.0,0.04975061040371656,0.000851293618325144,,,
7.0,0.049099448178377414,0.0010222062701359391,,,
8.0,0.048747624481717745,0.001211990718729794,,,
9.0,0.048306535821821955,0.0014172483934089541,0.762841247022152,,
10.0,0.046884631286892624,0.001628168043680489,,,
11.0,0.04498093850082821,0.0018436635145917535,,,
12.0,0.047231926454438106,0.0020235679112374783,,,
13.0,0.044416754928727945,0.0022049355320632458,,,
14.0,0.042613008721835086,0.002388590946793556,,,
15.0,0.041396593772288826,0.002562079345807433,,,
16.0,0.044716543048206304,0.0027115908451378345,,,
17.0,0.03991023377411895,0.002856773789972067,,,
18.0,0.03780618471610877,0.0029985227156430483,,,
19.0,0.035947979256096815,0.0031353062950074673,0.669149860739708,,
20.0,0.03320955364447501,0.003262728452682495,,,
21.0,0.0331135070655081,0.0033722103107720613,,,
22.0,0.03431763589589132,0.0034830784425139427,,,
23.0,0.03236722566394342,0.003595678834244609,,,
24.0,0.029375620302226808,0.0036371038295328617,,,
25.0,0.028560881606406636,0.0036896425299346447,,,
26.0,0.027228867637200487,0.003706600982695818,,,
27.0,0.02635982353033291,0.003747867653146386,,,
28.0,0.02580022288279401,0.0037494597490876913,,,
29.0,0.02509652780989806,0.0038033933378756046,0.5784425213932991,,
30.0,0.02426413541038831,0.003824998624622822,,,
31.0,0.023275047801434995,0.0038519452791661024,,,
32.0,0.022831776970997454,0.0038854198064655066,,,
33.0,0.023185689645922845,0.003925352357327938,,,
34.0,0.025828527119010687,0.004002478439360857,,,
35.0,0.02371145183013545,0.004035064019262791,,,
36.0,0.023266185933931007,0.004035745281726122,,,
37.0,0.022532618685315052,0.004017091356217861,,,
38.0,0.02209241579286754,0.004042334388941526,,,
39.0,0.021755290885145464,0.004079893231391907,0.530037559568882,,
40.0,0.021607750102670655,0.004115489777177572,,,
41.0,0.021343763166417676,0.004137652460485697,,,
42.0,0.021197944057898387,0.004134709015488625,,,
43.0,0.021070101845802533,0.004124918021261692,,,
44.0,0.020965147126052113,0.004117479547858238,,,
45.0,0.020950499903410674,0.004144119098782539,,,
46.0,0.021010827376610704,0.0041489857248961926,,,
47.0,0.021041018101904126,0.0041871992871165276,,,
48.0,0.020889141440598502,0.004192913882434368,,,
49.0,0.020845662204341756,0.0042054965160787106,0.5210434980690479,,
50.0,0.020896680574450228,0.004225873854011297,,,
51.0,0.02088564405942129,0.004233861807733774,,0.4952985346317291,0.8496875762939453
52.0,0.02077936489548948,0.004243834875524044,,,
53.0,0.020656253336411384,0.0042647444643080235,,,
54.0,0.020551742137306265,0.004260404966771603,,,
55.0,0.02048760238310529,0.004280537832528353,,,
56.0,0.02045673938261138,0.004268177784979343,,,
57.0,0.020465149740791982,0.0042872317135334015,,,
58.0,0.020500854523852467,0.004276918713003397,,,
59.0,0.02053137171185679,0.004296198952943087,0.518484003841877,,
60.0,0.020496771886116927,0.004295886028558016,,,
61.0,0.020449761919056376,0.004306228831410408,,,
62.0,0.020445409857978422,0.004311520140618086,,,
63.0,0.020487499504039684,0.004319776315242052,,,
64.0,0.020499820784769123,0.004325118847191334,,,
65.0,0.020456215232196782,0.004336721263825893,,,
66.0,0.020401636298952832,0.004332392010837793,,,
67.0,0.020389510636321374,0.004344011656939983,,,
68.0,0.020418137915225492,0.004345543682575226,,,
69.0,0.020454862349563174,0.004354523029178381,0.5179145056754351,,
70.0,0.02043389113102522,0.0043620760552585125,,,
71.0,0.02038465676104857,0.004365299828350544,,,
72.0,0.020354068465530874,0.004372123628854752,,,
73.0,0.020359270319135654,0.0043721566908061504,,,
74.0,0.02038887815032568,0.00437955604866147,,,
75.0,0.02040836010645661,0.004384838510304689,,,
76.0,0.020389316028190985,0.004390467889606953,,,
77.0,0.020359300491917465,0.004395743366330862,,,
78.0,0.02035780793055892,0.004402518272399902,,,
79.0,0.020382691281330256,0.004404846578836441,0.5175666771829128,,
80.0,0.020402241327489416,0.004420445300638676,,,
81.0,0.020385864608817632,0.004417152609676123,,,
82.0,0.02035118438820872,0.00443437322974205,,,
83.0,0.020339932835971315,0.00442861020565033,,,
84.0,0.020348368523021538,0.004444063175469637,,,
85.0,0.02036887457076874,0.004440129268914461,,,
86.0,0.02038364821838008,0.004458354786038399,,,
87.0,0.02037665838582648,0.004459656774997711,,,
88.0,0.02036299686258038,0.004470597021281719,,,
89.0,0.020340283369231556,0.004475787747651339,0.5173135027289391,,
90.0,0.020335525794782573,0.004479687195271254,,,
91.0,0.020328901019982165,0.004486122168600559,,,
92.0,0.02032569476092855,0.004489687737077475,,,
93.0,0.020317955719720986,0.004492358770221472,,,
94.0,0.020308845427094234,0.004501875955611467,,,
95.0,0.020302564265827338,0.004495752044022083,,,
96.0,0.02030323447763092,0.004513442516326904,,,
97.0,0.02030347420213123,0.00450120959430933,,,
98.0,0.02029797018919554,0.004522848874330521,,,
99.0,0.020295973819577033,0.004512840416282415,0.5166516602039337,,
100.0,0.02029648451962405,0.004527610260993242,,,
101.0,0.020300280025435817,0.004532530903816223,,,
102.0,0.02030587911295394,0.0045337975025177,,0.48580479621887207,0.8080475926399231
103.0,0.02029593900259998,0.004548611585050821,,,
104.0,0.020278571562634573,0.004549864213913679,,,
105.0,0.020263528743137915,0.004551365505903959,,,
106.0,0.020261294026341702,0.004570604767650366,,,
107.0,0.02027400446227855,0.004552312195301056,,,
108.0,0.020280040045165353,0.004593452904373407,,,
109.0,0.02027179736540549,0.0045637087896466255,0.5158101432025433,,
110.0,0.02025477981712255,0.004604635760188103,,,
111.0,0.020243755333746474,0.004586329218000174,,,
112.0,0.0202373372649567,0.004603092093020678,,,
113.0,0.020231279376894236,0.004619177430868149,,,
114.0,0.020222283913236525,0.004595110192894936,,,
115.0,0.02021589991119173,0.004663705825805664,,,
116.0,0.020217869950251446,0.004582736641168594,,,
117.0,0.020224844936488403,0.004713877569884062,,,
118.0,0.02022461221863826,0.004587256349623203,,,
119.0,0.020224417683978875,0.0047349752858281136,0.5152418110519648,,
120.0,0.020184479374438524,0.004629203118383884,,,
121.0,0.02016492350026965,0.004715981427580118,,,
122.0,0.02016469674495359,0.004670397844165564,,,
123.0,0.02017236751711203,0.004716568626463413,,,
124.0,0.020167622505169777,0.00470671197399497,,,
125.0,0.02014193715734614,0.004717797040939331,,,
126.0,0.020111660829020873,0.0047504655085504055,,,
127.0,0.020102669718778797,0.0047201369889080524,,,
128.0,0.02010189362698131,0.00479677552357316,,,
129.0,0.020095275323837994,0.004738219548016787,0.5130762364715338,,
130.0,0.020077571105211973,0.0048416792415082455,,,
131.0,0.020042069928927556,0.004761596210300922,,,
132.0,0.020016492233715124,0.004881405737251043,,,
133.0,0.020009644782791536,0.004785651341080666,,,
134.0,0.02001437005069521,0.004913957789540291,,,
135.0,0.02000151347161995,0.004837789572775364,,,
136.0,0.01997130985578729,0.004924197215586901,,,
137.0,0.019918253355556064,0.004908600822091103,,,
138.0,0.01987596775405109,0.004932506941258907,,,
139.0,0.019845810967187086,0.004981458652764559,0.5095883142203093,,
140.0,0.019831357556912635,0.004956054035574198,,,
141.0,0.019823239627811642,0.005057129543274641,,,
142.0,0.019792137322947382,0.0049807410687208176,,,
143.0,0.0197568632548468,0.00512158265337348,,,
144.0,0.019726987187233237,0.005021486897021532,,,
145.0,0.019701214492734934,0.005163927562534809,,,
146.0,0.019615843797930414,0.005088570062071085,,,
147.0,0.019461123135147824,0.005184968467801809,,,
148.0,0.019315217833759057,0.005187856033444405,,,
149.0,0.019212574815998473,0.005199233535677195,0.5010069012641907,,
150.0,0.019187842255665197,0.005267870146781206,,,
151.0,0.01945915028349393,0.005230099894106388,,,
152.0,0.020043978988089496,0.005271026398986578,,,
153.0,0.019460040450923973,0.005384964402765036,,0.478691041469574,0.6584035754203796
154.0,0.019583105962309572,0.005294477101415396,,,
155.0,0.01904352940308551,0.005369842052459717,,,
156.0,0.01902202141367727,0.00539917778223753,,,
157.0,0.018734624918757214,0.005434189923107624,,,
158.0,0.018599330441405375,0.005416741594672203,,,
159.0,0.018484539780765773,0.0054796840995550156,0.49302081763744354,,
160.0,0.018606743175122474,0.0055068121291697025,,,
161.0,0.01874693426820967,0.0055226972326636314,,,
162.0,0.018975144734399187,0.005593772511929274,,,
163.0,0.018226061762414043,0.005538244731724262,,,
164.0,0.01839134001173079,0.005598550196737051,,,
165.0,0.019126655875394742,0.005605633836239576,,,
166.0,0.018944677530477443,0.005681520327925682,,,
167.0,0.019136051522153946,0.005673845298588276,,,
168.0,0.018374359922276602,0.005740574561059475,,,
169.0,0.018425642921485835,0.005696126725524664,0.4972073044627905,,
170.0,0.01819526735900177,0.005727008916437626,,,
171.0,0.01800445159897208,0.005734735634177923,,,
172.0,0.01762545507401228,0.0057895188219845295,,,
173.0,0.017309612080247866,0.005797822959721088,,,
174.0,0.01712855212493903,0.005815759766846895,,,
175.0,0.017001905498198338,0.005871953442692757,,,
176.0,0.01721076411091619,0.005851058289408684,,,
177.0,0.018067159787234333,0.005863676778972149,,,
178.0,0.017025399050778812,0.005926582030951977,,,
179.0,0.017542713672543564,0.005922316573560238,0.47618020325899124,,
180.0,0.016783450769467485,0.005936501082032919,,,
181.0,0.01640830970265799,0.0059980107471346855,,,
182.0,0.01626001296771897,0.005985408090054989,,,
183.0,0.016100002881139518,0.00603243475779891,,,
184.0,0.016122396923601626,0.005989190191030502,,,
185.0,0.016281055686995387,0.006067340262234211,,,
186.0,0.016042247044129505,0.0060186986811459064,,,
187.0,0.015621495824307203,0.0060806372202932835,,,
188.0,0.015798123501655128,0.006107782945036888,,,
189.0,0.01592237595986161,0.006134945433586836,0.45417661406099796,,
190.0,0.01569573014871114,0.006124909035861492,,,
191.0,0.015255303365281886,0.006153072230517864,,,
192.0,0.015105893953392903,0.006164148915559053,,,
193.0,0.015019737395147482,0.006153150461614132,,,
194.0,0.014912858049695691,0.006183082237839699,,,
195.0,0.01508038565206031,0.006187167949974537,,,
196.0,0.015410920552288493,0.0062070670537650585,,,
197.0,0.01482808292739921,0.006243453361093998,,,
198.0,0.014467232993079556,0.00620029354467988,,,
199.0,0.014760551704093815,0.006279453635215759,0.4426148384809494,,
200.0,0.014495441177859902,0.006244005169719458,,,
201.0,0.014258453061597214,0.006309469696134329,,,
202.0,0.014554395601153373,0.006265787873417139,,,
203.0,0.015178766035371357,0.0063343956135213375,,,
204.0,0.01638944974790017,0.0063089486211538315,,0.5641428232192993,0.639545202255249
205.0,0.014783653333369229,0.006292194128036499,,,
206.0,0.015024708439078596,0.006368151865899563,,,
207.0,0.014247050891733832,0.006422726903110743,,,
208.0,0.014291881376670467,0.006380395498126745,,,
209.0,0.013817769773304463,0.00638562673702836,0.42835477367043495,,
210.0,0.013699090026525987,0.006416211370378733,,,
211.0,0.013460536736788022,0.006434478331357241,,,
212.0,0.013536886915357576,0.006404009182006121,,,
213.0,0.013841341650113463,0.006446054670959711,,,
214.0,0.014114392734029226,0.006431137211620808,,,
215.0,0.013371640199588405,0.006488676182925701,,,
216.0,0.013318645277371009,0.006484310608357191,,,
217.0,0.013319814072714911,0.006526026874780655,,,
218.0,0.012999420449551609,0.006486695725470781,,,
219.0,0.013002787521108984,0.0065636951476335526,0.41162882559001446,,
220.0,0.01282260317976276,0.006526615004986525,,,
221.0,0.012679631834228834,0.006568287964910269,,,
222.0,0.012590666869655251,0.006566917058080435,,,
223.0,0.012409288235422637,0.006590045522898436,,,
224.0,0.01231552382517192,0.006616045255213976,,,
225.0,0.012461702027875516,0.006607831921428442,,,
226.0,0.012828335944149229,0.006654629949480295,,,
227.0,0.013497226464872558,0.006655505858361721,,,
228.0,0.01282995516123871,0.006686490029096603,,,
229.0,0.012796883267453976,0.006725248880684376,0.400274146348238,,
230.0,0.012821380358396304,0.006696672178804874,,,
231.0,0.012187101463269857,0.006741673219949007,,,
232.0,0.012519670259207487,0.006752779707312584,,,
233.0,0.012144144912146859,0.006767609156668186,,,
234.0,0.01183484529558983,0.006778802257031202,,,
235.0,0.011732966370052762,0.006810239981859922,,,
236.0,0.011605923992271224,0.0068022143095731735,,,
237.0,0.01148926694256564,0.006822776515036821,,,
238.0,0.011563189725081125,0.006818877533078194,,,
239.0,0.011968232193547819,0.00685284286737442,0.3869631513953209,,
240.0,0.012378282204477323,0.006824743002653122,,,
241.0,0.012039101119670603,0.006887425202876329,,,
242.0,0.01184076917771664,0.006870141252875328,,,
243.0,0.012189421739636197,0.006905230227857828,,,
244.0,0.011564302643140158,0.0068994006142020226,,,
245.0,0.011561595572986536,0.006939904764294624,,,
246.0,0.012217121641669009,0.006939614191651344,,,
247.0,0.01185025387029681,0.006981434766203165,,,
248.0,0.011501633462806542,0.006978542543947697,,,
249.0,0.011231551871945461,0.007006991654634476,0.37809757329523563,,
250.0,0.011107366643846034,0.007014086004346609,,,
251.0,0.011032163127221994,0.007028999272733927,,,
252.0,0.011026144770698415,0.007038728799670935,,,
253.0,0.011315623254825671,0.007058910559862852,,,
254.0,0.011875821414093176,0.007038623560220003,,,
255.0,0.01158995374571532,0.007089292164891958,,0.5904560685157776,0.4705023467540741
256.0,0.010995333722482126,0.007078841794282198,,,
257.0,0.011308218485468792,0.007115717511624098,,,
258.0,0.01102883376698527,0.007100559305399656,,,
259.0,0.010924967306976518,0.007165179587900639,0.3692452758550644,,
260.0,0.01126034991763946,0.0071389880031347275,,,
261.0,0.011039731783481936,0.0071869404055178165,,,
262.0,0.010982435701621903,0.007183055859059095,,,
263.0,0.010701619172986183,0.007208914961665869,,,
264.0,0.010488460695164072,0.0072197685949504375,,,
265.0,0.010472021979383296,0.007234097458422184,,,
266.0,0.010378592465486792,0.007256804499775171,,,
267.0,0.010285808452301556,0.007257845252752304,,,
268.0,0.010319561356575125,0.007287534885108471,,,
269.0,0.010520004939494862,0.007280975580215454,0.3605066481977701,,
270.0,0.010807377799517579,0.0073001147247850895,,,
271.0,0.01081922500135584,0.007313864771276712,,,
272.0,0.01034675222562833,0.007300027180463076,,,
273.0,0.010362851476917664,0.007368525955826044,,,
274.0,0.01093741127807233,0.00732960132881999,,,
275.0,0.011005025524646043,0.007399280555546284,,,
276.0,0.010698789711006814,0.007388352882117033,,,
277.0,0.010744663673556512,0.007399559486657381,,,
278.0,0.01049464650814318,0.007446050178259611,,,
279.0,0.010209851957754128,0.007445565424859524,0.3562322799116373,,
280.0,0.010311936365647449,0.007446200121194124,,,
281.0,0.010018910893446042,0.007474497426301241,,,
282.0,0.00986993354279548,0.0074937776662409306,,,
283.0,0.009916963125579058,0.007497966289520264,,,
284.0,0.00997786390543398,0.007525102701038122,,,
285.0,0.01000300119113591,0.007535851094871759,,,
286.0,0.010146973964033855,0.007545563392341137,,,
287.0,0.010201737097361021,0.007568229455500841,,,
288.0,0.009803054257709947,0.007576884236186743,,,
289.0,0.00970790814401375,0.007583511061966419,0.3483356051146984,,
290.0,0.010110578186189136,0.0076068127527832985,,,
291.0,0.010476186942930022,0.007602953352034092,,,
292.0,0.010150777621505161,0.007622792851179838,,,
293.0,0.009810284179531866,0.0076401676051318645,,,
294.0,0.009950889548183316,0.007650337647646666,,,
295.0,0.009865083289850089,0.007672645151615143,,,
296.0,0.00943231209853871,0.007683740928769112,,,
297.0,0.009514185312824944,0.0077017322182655334,,,
298.0,0.009541124305687845,0.007710653357207775,,,
299.0,0.009459277471113536,0.007736637257039547,0.34208768233656883,,
300.0,0.009387237228349679,0.007736213970929384,,,
301.0,0.009492238530785672,0.007779322564601898,,,
302.0,0.009865832173575957,0.007757063023746014,,,
303.0,0.010487746320561403,0.007821018807590008,,,
304.0,0.011176142028222482,0.0077925147488713264,,,
305.0,0.010353616836687757,0.007823603227734566,,,
306.0,0.010403569247056212,0.007872282527387142,,0.6282016038894653,0.41901281476020813
307.0,0.009874989913983478,0.007864560931921005,,,
308.0,0.010026271164727707,0.007853874936699867,,,
309.0,0.009681993811908695,0.007896564900875092,0.34568122401833534,,
310.0,0.00937810482767721,0.007903746329247952,,,
311.0,0.00940658516354031,0.007905949838459492,,,
312.0,0.009412471437826753,0.007924235425889492,,,
313.0,0.009468377901551623,0.007946006953716278,,,
314.0,0.009538961890050107,0.007945227436721325,,,
315.0,0.00927298347879615,0.007968161255121231,,,
316.0,0.00906701784994867,0.007982147857546806,,,
317.0,0.009120878051552508,0.007990514859557152,,,
318.0,0.009406091495313578,0.008017187006771564,,,
319.0,0.00974844141345885,0.008025439456105232,0.3426052089780569,,
320.0,0.009512767957316504,0.008044912479817867,,,
321.0,0.008991632814933028,0.00805895496159792,,,
322.0,0.008891244997891287,0.00807363260537386,,,
323.0,0.008956856345240441,0.008089174516499043,,,
324.0,0.008862451984443598,0.008100948296487331,,,
325.0,0.008736571767367423,0.008113370276987553,,,
326.0,0.008740951828658581,0.008126205764710903,,,
327.0,0.00899442504780988,0.00814181100577116,,,
328.0,0.009369145065752996,0.008151862770318985,,,
329.0,0.00947184268074731,0.00817443709820509,0.33881436474621296,,
330.0,0.008768120293195049,0.00817555096000433,,,
331.0,0.008722018743347791,0.008201898075640202,,,
332.0,0.00905605664321532,0.0082024484872818,,,
333.0,0.009007057447193398,0.008241107687354088,,,
334.0,0.00882556506070412,0.008221950381994247,,,
335.0,0.008941958617522484,0.008266867138445377,,,
336.0,0.008963861450966861,0.008251594379544258,,,
337.0,0.008693791675484843,0.008292898535728455,,,
338.0,0.008640336479681234,0.008291310630738735,,,
339.0,0.008930962992211184,0.008308309130370617,0.329712325707078,,
340.0,0.00893480707011703,0.00831266026943922,,,
341.0,0.008776764777592486,0.008330031298100948,,,
342.0,0.008956434658418099,0.008332870900630951,,,
343.0,0.009363294530970356,0.008350588381290436,,,
344.0,0.009152249591425061,0.008358968421816826,,,
345.0,0.009065495322251486,0.008378516882658005,,,
346.0,0.009601112783679531,0.00837866310030222,,,
347.0,0.008927420811831123,0.008406082168221474,,,
348.0,0.008709309290991061,0.008408192545175552,,,
349.0,0.008829952304561933,0.008431903086602688,0.32591312751173973,,
350.0,0.008616399677056406,0.008442960679531097,,,
351.0,0.008595949110264579,0.008465899154543877,,,
352.0,0.008563806408912772,0.00846067164093256,,,
353.0,0.008509700925917262,0.00851153489202261,,,
354.0,0.008719311343092057,0.008480333723127842,,,
355.0,0.008811784304368,0.008537844754755497,,,
356.0,0.008554978734399709,0.008520238101482391,,0.5446791052818298,0.417409747838974
357.0,0.00844102720471306,0.00854005292057991,,,
358.0,0.008489878594150974,0.008559995330870152,,,
359.0,0.008390183210786845,0.008563966490328312,0.3178981263190508,,
360.0,0.008378433952004546,0.008572112768888474,,,
361.0,0.008302358794543479,0.008592155762016773,,,
362.0,0.008126988320921858,0.008604681119322777,,,
363.0,0.008064045187396307,0.00862253736704588,,,
364.0,0.008176511813265583,0.008640513755381107,,,
365.0,0.008383165861790378,0.00865462701767683,,,
366.0,0.008519295629941755,0.008670225739479065,,,
367.0,0.008341931929397915,0.008684645406901836,,,
368.0,0.008263833648525178,0.008692044764757156,,,
369.0,0.008302729309846957,0.008707360364496708,0.31577448919415474,,
370.0,0.008207089860613147,0.008723914623260498,,,
371.0,0.008090335319025648,0.008720728568732738,,,
372.0,0.008139239921131068,0.008754939772188663,,,
373.0,0.008345124754640791,0.008741537109017372,,,
374.0,0.008515136493887339,0.00878509134054184,,,
375.0,0.008383151098257966,0.008772416040301323,,,
376.0,0.008202829000333117,0.008806824684143066,,,
377.0,0.008088611720854209,0.00881076231598854,,,
378.0,0.008182262767934137,0.008821469731628895,,,
379.0,0.008184362889474465,0.00883373524993658,0.31614100374281406,,
380.0,0.00820955237115009,0.008850007317960262,,,
381.0,0.008509131310921576,0.00885244645178318,,,
382.0,0.008258741874144309,0.008884904906153679,,,
383.0,0.007858056528493761,0.00888141430914402,,,
384.0,0.007796870538861387,0.008903712034225464,,,
385.0,0.007868286962620914,0.008914275094866753,,,
386.0,0.007988921662585602,0.008916601538658142,,,
387.0,0.008294298147472243,0.008943639695644379,,,
388.0,0.008712758333422244,0.008941872976720333,,,
389.0,0.008572149000441035,0.008956119418144226,0.3154382202774286,,
390.0,0.00808228729913632,0.008991961367428303,,,
391.0,0.00852832663545592,0.00896842498332262,,,
392.0,0.008478009845130146,0.009020787663757801,,,
393.0,0.00801282845541007,0.009014612063765526,,,
394.0,0.008044143703559206,0.009031489491462708,,,
395.0,0.008077506341247095,0.009042027406394482,,,
396.0,0.007864156358150973,0.009066210128366947,,,
397.0,0.007806790536786947,0.009054645895957947,,,
398.0,0.008019727196337449,0.009085055440664291,,,
399.0,0.008162045748904348,0.009084559977054596,0.3111862149089575,,
400.0,0.008124140757136047,0.00909516029059887,,,
401.0,0.007916467060955862,0.009116416797041893,,,
402.0,0.007735957949836221,0.009111176244914532,,0.5600832104682922,0.38689208030700684
403.0,0.007803505662207802,0.00914368312805891,,,
404.0,0.00786943644285202,0.009134041145443916,,,
405.0,0.007874451117176148,0.00917263887822628,,,
406.0,0.007941429828707543,0.009159363806247711,,,
407.0,0.007870507480369673,0.009192387573421001,,,
408.0,0.007486147226558791,0.009199338033795357,,,
409.0,0.007448518688066138,0.009201268665492535,0.30127450078725815,,
410.0,0.007617132871722182,0.009230205789208412,,,
411.0,0.007742855854125486,0.009229423478245735,,,
412.0,0.0077538911361868185,0.00925642903894186,,,
413.0,0.007806207762720684,0.009264670312404633,,,
414.0,0.007788659713437987,0.009276214055716991,,,
415.0,0.007634849982957046,0.009279659017920494,,,
416.0,0.007572374319554203,0.009299584664404392,,,
417.0,0.007689293269585404,0.009297767654061317,,,
418.0,0.007826212692177958,0.00932677835226059,,,
419.0,0.007707793824374675,0.009316112846136093,0.30314179696142673,,
420.0,0.007568713211868372,0.009349354542791843,,,
421.0,0.0076275965323050815,0.009343797340989113,,,
422.0,0.00757474778064837,0.00936927180737257,,,
423.0,0.0073050677077844735,0.009378992021083832,,,
424.0,0.007176254069846537,0.009391659870743752,,,
425.0,0.007313436614866886,0.009408518671989441,,,
426.0,0.007660244021357761,0.009425333701074123,,,
427.0,0.007847912385024958,0.009434551000595093,,,
428.0,0.00756883323399557,0.00946058239787817,,,
429.0,0.007250900392731031,0.009452380239963531,0.29738881811499596,,
430.0,0.007401321061059005,0.009485664777457714,,,
431.0,0.00772654685864432,0.009486254304647446,,,
432.0,0.007927626776508987,0.009511441923677921,,,
433.0,0.00791866446690013,0.009516580030322075,,,
434.0,0.007528342611880766,0.009523405693471432,,,
435.0,0.007273307526484132,0.009555325843393803,,,
436.0,0.007427101611780624,0.009539078921079636,,,
437.0,0.007518675320574807,0.00958167389035225,,,
438.0,0.007314189254927139,0.009565206244587898,,,
439.0,0.007149142693314288,0.00960029847919941,0.2942210901528597,,
440.0,0.007290004449896514,0.009598520584404469,,,
441.0,0.007587603633809421,0.009613705798983574,,,
442.0,0.007660702711178197,0.00962415337562561,,,
443.0,0.007395351098126008,0.009632055647671223,,,
444.0,0.007173306416306231,0.00965113379061222,,,
445.0,0.007165505643934011,0.00965965911746025,,,
446.0,0.007257209811877045,0.009680734016001225,,,
447.0,0.0072510437646673784,0.009684578515589237,,,
448.0,0.007108554806974199,0.009710149839520454,,0.5576231479644775,0.3792669475078583
449.0,0.007062636420337691,0.009704362601041794,0.29165281914174557,,
450.0,0.007157825803280705,0.009737400338053703,,,
451.0,0.0073443045399876105,0.009723490104079247,,,
452.0,0.007427788433722324,0.009758689440786839,,,
453.0,0.0074331909485368265,0.009748304262757301,,,
454.0,0.007533644291365312,0.009759128093719482,,,
455.0,0.0075566197393669024,0.009788689203560352,,,
456.0,0.007374354063843688,0.00976927112787962,,,
457.0,0.007445173366512689,0.009810596704483032,,,
458.0,0.007389032006677654,0.009808567352592945,,,
459.0,0.007106598096692728,0.009822076186537743,0.2912993114441633,,
460.0,0.006969296374979119,0.009847348555922508,,,
461.0,0.007022529674383501,0.009843047708272934,,,
462.0,0.007020598391277923,0.009863026440143585,,,
463.0,0.006941020984409584,0.009888299740850925,,,
464.0,0.006948603349220422,0.009875746443867683,,,
465.0,0.007100991542554564,0.009917001239955425,,,
466.0,0.007216526463938256,0.009901954792439938,,,
467.0,0.00711346644649489,0.009934883564710617,,,
468.0,0.006928032665616936,0.009942788630723953,,,
469.0,0.006832657744073206,0.009944392368197441,0.28659165278077126,,
470.0,0.006958080872686373,0.009965392760932446,,,
471.0,0.007398304442047245,0.009965860284864902,,,
472.0,0.007859327003566756,0.009977535344660282,,,
473.0,0.007777007993103729,0.009988929145038128,,,
474.0,0.007259234222583472,0.009991987608373165,,,
475.0,0.0072845214791595935,0.010012068785727024,,,
476.0,0.007490684673604038,0.010018173605203629,,,
477.0,0.0071208126615318985,0.01003077533096075,,,
478.0,0.007501354740104741,0.010051462799310684,,,
479.0,0.007719817041005526,0.010046729817986488,0.2993238214403391,,
480.0,0.007157273669209745,0.010072191245853901,,,
481.0,0.006845927857793868,0.010079433210194111,,,
482.0,0.0068760423615781795,0.010088352486491203,,,
483.0,0.006708523046949672,0.010111423209309578,,,
484.0,0.006608546210142474,0.010109485127031803,,,
485.0,0.00659598507038835,0.010143975727260113,,,
486.0,0.006672845857424868,0.010142148472368717,,,
487.0,0.006876732854483029,0.010170689783990383,,,
488.0,0.007150775146049758,0.010176582261919975,,,
489.0,0.007184664818147818,0.010196872055530548,0.28930434584617615,,
490.0,0.0069280198707969655,0.010201947763562202,,,
491.0,0.006858372465810842,0.010217622853815556,,,
492.0,0.007115103332325816,0.010214072652161121,,,
493.0,0.006980908753143417,0.010238377377390862,,0.5834330916404724,0.3643259108066559
494.0,0.006527558900933299,0.010241606272757053,,,
495.0,0.006449448684126967,0.010260517708957195,,,
496.0,0.006612750100385811,0.010268837213516235,,,
497.0,0.006912721353583038,0.010283015668392181,,,
498.0,0.007232515127398074,0.01029037032276392,,,
499.0,0.007165283165975578,0.010301347821950912,0.29035700112581253,,
500.0,0.006827882946882811,0.010315455496311188,,,
501.0,0.006672688837990993,0.010317137464880943,,,
502.0,0.0066174832312390205,0.01034116093069315,,,
503.0,0.006612281914696925,0.010335056111216545,,,
504.0,0.006586194890033868,0.010368015617132187,,,
505.0,0.006623865602434509,0.010355288162827492,,,
506.0,0.006728818918474847,0.01039839070290327,,,
507.0,0.006963526476174593,0.010378786362707615,,,
508.0,0.007074036300182342,0.01041837502270937,,,
509.0,0.00707008733931515,0.010413236916065216,0.29121511802077293,,
510.0,0.006871912640312479,0.010423059575259686,,,
511.0,0.006722144019893474,0.010450400412082672,,,
512.0,0.006680253048220442,0.010433654300868511,,,
513.0,0.00649408699065033,0.010468182153999805,,,
514.0,0.006414125242994891,0.010474739596247673,,,
515.0,0.006453764180445837,0.010479463264346123,,,
516.0,0.006551152310437626,0.010506527498364449,,,
517.0,0.006681091374096771,0.0105024054646492,,,
518.0,0.006768651691058444,0.010529286228120327,,,
519.0,0.006813972918316722,0.010533609427511692,0.28342139907181263,,
520.0,0.006712873689830303,0.010543371550738811,,,
521.0,0.006508419554059704,0.010563085786998272,,,
522.0,0.006540276434582969,0.01055882778018713,,,
523.0,0.00685126470350143,0.010578244924545288,,,
524.0,0.00715155988259034,0.010577630251646042,,,
525.0,0.007034275298938155,0.010589268058538437,,,
526.0,0.006447817973999514,0.010609683580696583,,,
527.0,0.006548591790099939,0.010601475834846497,,,
528.0,0.006699619588131706,0.010625692084431648,,,
529.0,0.006501410191671716,0.01063038781285286,0.2773502580821514,,
530.0,0.006371016313011448,0.010640795342624187,,,
531.0,0.006546098733734754,0.010660816915333271,,,
532.0,0.006736344412072665,0.010658844374120235,,,
533.0,0.0067085019876766535,0.010682439431548119,,,
534.0,0.006638264975820978,0.010681325569748878,,,
535.0,0.006584002605846359,0.010696467943489552,,,
536.0,0.006462316675525572,0.01071080006659031,,,
537.0,0.006356495441868901,0.010710052214562893,,,
538.0,0.006424467179199887,0.010737416334450245,,0.5778287649154663,0.35043075680732727
539.0,0.006632109499122534,0.010727440938353539,0.27943872287869453,,
540.0,0.006640636192945143,0.010761179029941559,,,
541.0,0.0065290791101546754,0.010752054862678051,,,
542.0,0.006513117193244398,0.010778440162539482,,,
543.0,0.006733936052252021,0.010776013135910034,,,
544.0,0.006566194680829843,0.0107938377186656,,,
545.0,0.006153378818805019,0.010801807045936584,,,
546.0,0.006030029642085234,0.010813183151185513,,,
547.0,0.0061459756140700645,0.010834255255758762,,,
548.0,0.006323773042919735,0.010840080678462982,,,
549.0,0.006398121883782248,0.010864115320146084,0.2723533157259226,,
550.0,0.006294006214270161,0.010869037359952927,,,
551.0,0.0061766177493457995,0.010886355303227901,,,
552.0,0.006257661991856164,0.010896892286837101,,,
553.0,0.006493599616611998,0.010904189199209213,,,
554.0,0.006510765044949949,0.01092793419957161,,,
555.0,0.006386709668052693,0.010920221917331219,,,
556.0,0.006352942417789664,0.010947653092443943,,,
557.0,0.006400491804815829,0.010944572277367115,,,
558.0,0.006380867296312418,0.010954386554658413,,,
559.0,0.006251979411269227,0.010971532203257084,0.2722786106169224,,
560.0,0.0062344446912821795,0.010968247428536415,,,
561.0,0.006272587850172487,0.01098375953733921,,,
562.0,0.006357585311246415,0.011001676321029663,,,
563.0,0.006578165196503202,0.010996747761964798,,,
564.0,0.006535720691188342,0.011030294932425022,,,
565.0,0.006246103954294489,0.011023362167179585,,,
566.0,0.006070191077370611,0.01103887427598238,,,
567.0,0.006229136172268126,0.011055835522711277,,,
568.0,0.006426485365567108,0.011054417118430138,,,
569.0,0.006357335270796385,0.011074592359364033,0.27415328472852707,,
570.0,0.0060293014257008,0.011076027527451515,,,
571.0,0.0060176992988110415,0.011100518517196178,,,
572.0,0.006415504321662916,0.01109219342470169,,,
573.0,0.00676245082118031,0.011127904988825321,,,
574.0,0.006726987716327939,0.011111381463706493,,,
575.0,0.0062817730713221765,0.011141876690089703,,,
576.0,0.006395317536985709,0.011147900484502316,,,
577.0,0.0065424268361594946,0.011147991754114628,,,
578.0,0.006343591508145134,0.011159383691847324,,,
579.0,0.006426555946883228,0.011174841783940792,0.2740752976387739,,
580.0,0.006442813741353651,0.011170739307999611,,,
581.0,0.006060297383616368,0.01120954193174839,,,
582.0,0.00587340014676253,0.011197175830602646,,,
583.0,0.0059740620634208125,0.011227043345570564,,,
584.0,0.006094062291344421,0.011219579726457596,,0.5805789828300476,0.3517727553844452
585.0,0.006176689747307036,0.011252050288021564,,,
586.0,0.00620319490838382,0.011241489090025425,,,
587.0,0.0061255672956920335,0.01127203181385994,,,
588.0,0.0060203679092228415,0.011270403861999512,,,
589.0,0.005968807113046448,0.011285869404673576,0.2650004681199789,,
590.0,0.005990448199833433,0.011299749836325645,,,
591.0,0.006058445156862338,0.01129817869514227,,,
592.0,0.0060115571920242574,0.011324753984808922,,,
593.0,0.0059200443415385155,0.01132015697658062,,,
594.0,0.005892922628877892,0.011347226798534393,,,
595.0,0.00602439260834621,0.011348400264978409,,,
596.0,0.006325492155220773,0.011361874639987946,,,
597.0,0.006495383924597667,0.01136733591556549,,,
598.0,0.006211985629051924,0.011378929018974304,,,
599.0,0.005831595891051822,0.011384058743715286,0.2641609385609627,,
600.0,0.00581570791779086,0.011405275203287601,,,
601.0,0.006022920625594755,0.011401780880987644,,,
602.0,0.006097767029681967,0.011429264210164547,,,
603.0,0.0059769881837483906,0.01142425648868084,,,
604.0,0.005848581298357911,0.011449920013546944,,,
605.0,0.005877649141475558,0.011453112587332726,,,
606.0,0.006113174056841268,0.011462604627013206,,,
607.0,0.006243415484204888,0.011480195447802544,,,
608.0,0.005999599331472483,0.011480030603706837,,,
609.0,0.005748031939276391,0.011509725823998451,0.26141336373984814,,
610.0,0.005747550731110904,0.01149892807006836,,,
611.0,0.005961290158383134,0.011527761816978455,,,
612.0,0.00617701585792626,0.011517543345689774,,,
613.0,0.006055710977460775,0.011548909358680248,,,
614.0,0.005813460102201336,0.011540945619344711,,,
615.0,0.00579460895102885,0.011567451991140842,,,
616.0,0.006072267452513592,0.01156261470168829,,,
617.0,0.006200107798083789,0.011583327315747738,,,
618.0,0.005898838835354481,0.01158471591770649,,,
619.0,0.005655475710777359,0.011596983298659325,0.2603816259652376,,
620.0,0.00582944586303913,0.011611057445406914,,,
621.0,0.006261701263590819,0.011612783186137676,,,
622.0,0.006383095727716055,0.01163148507475853,,,
623.0,0.00606801075498677,0.011633507907390594,,,
624.0,0.005854975111886031,0.011645017191767693,,,
625.0,0.006016164432383246,0.011652904562652111,,,
626.0,0.00617613297731926,0.011660142801702023,,,
627.0,0.006008363009637429,0.01167196873575449,,,
628.0,0.005881426074128184,0.011684896424412727,,,
629.0,0.005909188291471866,0.01168611366301775,0.2630300894379616,0.575944721698761,0.3457511067390442
630.0,0.005807963315811422,0.01171174831688404,,,
631.0,0.005613194296860861,0.011703172698616982,,,
632.0,0.0056046916860052285,0.011740520596504211,,,
633.0,0.005831373018316097,0.01172516867518425,,,
634.0,0.006091212578014367,0.011761865578591824,,,
635.0,0.006049173323230611,0.011753750033676624,,,
636.0,0.005716523907354308,0.011776711791753769,,,
637.0,0.005656024889192647,0.011783890426158905,,,
638.0,0.005781124906303982,0.01178781595081091,,,
639.0,0.0057390009917111864,0.0117989182472229,0.26042013242840767,,
640.0,0.005647513567366534,0.011811984702944756,,,
641.0,0.005729114779064225,0.011814536526799202,,,
642.0,0.006039277776144445,0.011831819079816341,,,
643.0,0.006129262008083364,0.011837391182780266,,,
644.0,0.005747712708285286,0.011846865527331829,,,
645.0,0.005441579896594501,0.011869071051478386,,,
646.0,0.005456451891869721,0.011860482394695282,,,
647.0,0.005587133649322722,0.011894263327121735,,,
648.0,0.0056826915338428485,0.01188588421791792,,,
649.0,0.005796929411072698,0.011911901645362377,0.2583498265594244,,
650.0,0.005962194463031159,0.011919029988348484,,,
651.0,0.006038211059446136,0.011931536719202995,,,
652.0,0.005836447554433511,0.011946571059525013,,,
653.0,0.005598473872523755,0.011948521248996258,,,
654.0,0.005766497686919239,0.011959748342633247,,,
655.0,0.00593541940415485,0.011967159807682037,,,
656.0,0.005765560815731685,0.01198572013527155,,,
657.0,0.005547970257596009,0.011980544775724411,,,
658.0,0.005582787158847269,0.012003014795482159,,,
659.0,0.00568176424337758,0.01200193352997303,0.25673428922891617,,
660.0,0.005780367933524152,0.012006938457489014,,,
661.0,0.00581409958553397,0.012031984515488148,,,
662.0,0.0057145701265997354,0.012020483613014221,,,
663.0,0.005587778061421381,0.012052230536937714,,,
664.0,0.005708871576935053,0.012043318711221218,,,
665.0,0.005951437363401055,0.012070313096046448,,,
666.0,0.005955956832816203,0.012061621993780136,,,
667.0,0.005521082459535036,0.012087889015674591,,,
668.0,0.005390596073120832,0.012087224051356316,,,
669.0,0.005560672027835002,0.012096276506781578,0.2551736328750849,,
670.0,0.005618726717463384,0.01211580727249384,,,
671.0,0.005545809863445659,0.01211282704025507,,,
672.0,0.005483476114200635,0.012139519676566124,,,
673.0,0.005525691478978843,0.012134325690567493,,,
674.0,0.005630394163955417,0.012150944210588932,,,
675.0,0.005790474732251217,0.012154840864241123,,0.5795732736587524,0.33438819646835327
676.0,0.005892534042294654,0.012164723128080368,,,
677.0,0.00573707608350863,0.01216945331543684,,,
678.0,0.005491009273618046,0.012187322601675987,,,
679.0,0.005559528368887388,0.012185009196400642,0.25460596568882465,,
680.0,0.005613133010920137,0.012210630811750889,,,
681.0,0.005498107167529977,0.012209462001919746,,,
682.0,0.005466255844932878,0.012224016711115837,,,
683.0,0.005597264901217487,0.012226125225424767,,,
684.0,0.005883443601325982,0.012241982854902744,,,
685.0,0.005972382405565845,0.012239482253789902,,,
686.0,0.005757363955490291,0.012259186245501041,,,
687.0,0.005635460836605893,0.01225981954485178,,,
688.0,0.005922358307677011,0.012268604710698128,,,
689.0,0.00591169118312084,0.012280194088816643,0.2642117962241173,,
690.0,0.005337689565235956,0.012291686609387398,,,
691.0,0.005225136700707177,0.012294420041143894,,,
692.0,0.005428097904659808,0.012317543849349022,,,
693.0,0.005528107949843009,0.012314936146140099,,,
694.0,0.0055661055818200115,0.012343567796051502,,,
695.0,0.005639838658842362,0.012334011495113373,,,
696.0,0.005548195192176435,0.012361839413642883,,,
697.0,0.0053256170275724594,0.012354648672044277,,,
698.0,0.005228747088565595,0.012376148253679276,,,
699.0,0.005351234870807578,0.012378962710499763,0.2510183211416006,,
700.0,0.005603689630515873,0.012392676435410976,,,
701.0,0.005668755124788732,0.012396496720612049,,,
702.0,0.00544325517800947,0.012414834462106228,,,
703.0,0.005226909219701257,0.012412620708346367,,,
704.0,0.005228154625640147,0.012433644384145737,,,
705.0,0.0053761891624890265,0.012436886318027973,,,
706.0,0.0055187183605610495,0.012451112270355225,,,
707.0,0.005524278385564685,0.01246466115117073,,,
708.0,0.005370407710627963,0.012466526590287685,,,
709.0,0.005358721206171645,0.012482359074056149,0.25115320086479187,,
710.0,0.005495560691795415,0.0124838687479496,,,
711.0,0.005603040164440042,0.012496438808739185,,,
712.0,0.005533100604855766,0.012504881247878075,,,
713.0,0.005292038770858198,0.012514186091721058,,,
714.0,0.0052559223380457196,0.012525143101811409,,,
715.0,0.005403297644160274,0.01252975594252348,,,
716.0,0.005445967842824757,0.012548265978693962,,,
717.0,0.005295445633172575,0.01254263799637556,,,
718.0,0.00514369098133304,0.012573063373565674,,,
719.0,0.005249030316610717,0.012558512389659882,0.24839389696717262,,
720.0,0.005661051730470111,0.012586933560669422,,,
721.0,0.006078679864294827,0.012575794942677021,,0.5725306272506714,0.36481964588165283
722.0,0.005809525130834017,0.012599712237715721,,,
723.0,0.005352427915721718,0.012602239847183228,,,
724.0,0.005381484361261958,0.01260149572044611,,,
725.0,0.005572441510804412,0.012621099129319191,,,
726.0,0.005362155314845344,0.012616986408829689,,,
727.0,0.0052296491430347996,0.01263999193906784,,,
728.0,0.005426425616670814,0.012638197280466557,,,
729.0,0.005629923799230407,0.012658899649977684,0.2542103920131922,,
730.0,0.0054825435239925155,0.012657640501856804,,,
731.0,0.005238612165881527,0.012674608267843723,,,
732.0,0.005183929999669393,0.012680105865001678,,,
733.0,0.00528251882435547,0.012686846777796745,,,
734.0,0.005330484258528385,0.012702669017016888,,,
735.0,0.0053482737086920275,0.012705453671514988,,,
736.0,0.005410959590743813,0.012716962955892086,,,
737.0,0.0056341026749254924,0.012724320404231548,,,
738.0,0.00576248248004251,0.012723742052912712,,,
739.0,0.0055211977978857855,0.01274619810283184,0.25312607921659946,,
740.0,0.005373903522267937,0.012737056240439415,,,
741.0,0.005401516275273429,0.012765045277774334,,,
742.0,0.005238823831702272,0.012757600285112858,,,
743.0,0.005081138327045159,0.012778500095009804,,,
744.0,0.00512881251052022,0.012777639552950859,,,
745.0,0.00529920319121124,0.01279603410512209,,,
746.0,0.0053906132805989024,0.012798240408301353,,,
747.0,0.005246450333959526,0.012818463146686554,,,
748.0,0.005035863318221851,0.012820505537092686,,,
749.0,0.005022493339040213,0.012832066975533962,0.24409890174865723,,
750.0,0.005211949517898676,0.012844840064644814,,,
751.0,0.005441071146374776,0.012850133702158928,,,
752.0,0.005495963056261341,0.012865538708865643,,,
753.0,0.005321888831030163,0.012865419499576092,,,
754.0,0.0052065320964902635,0.012877045199275017,,,
755.0,0.005092846843569229,0.012881198897957802,,,
756.0,0.0049820896201870505,0.0128936143592,,,
757.0,0.004946134584024549,0.012901157140731812,,,
758.0,0.005040592542952961,0.01291333045810461,,,
759.0,0.005201713909498519,0.01291879452764988,0.24601737037301064,,
760.0,0.0052780838059778845,0.01293640024960041,,,
761.0,0.005233734377090716,0.012932047247886658,,,
762.0,0.00524289506358198,0.012957627885043621,,,
763.0,0.00548448371157671,0.012946941889822483,,,
764.0,0.005515404101978574,0.012976301833987236,,,
765.0,0.005164155183980862,0.012966177426278591,,,
766.0,0.004894946740629773,0.012987913563847542,,,
767.0,0.005006099651153717,0.012987092137336731,,0.5774057507514954,0.32302355766296387
768.0,0.005313237085938454,0.01299921702593565,,,
769.0,0.0055746895452547405,0.013004958629608154,0.2524640988558531,,
770.0,0.00542423987062648,0.013019636273384094,,,
771.0,0.0050961671529027325,0.01301721390336752,,,
772.0,0.004988048801250342,0.013038271106779575,,,
773.0,0.0051438873876921,0.01303525548428297,,,
774.0,0.0052265995332143374,0.013057864271104336,,,
775.0,0.005142164835188952,0.013054385781288147,,,
776.0,0.005038114507527401,0.013073279522359371,,,
777.0,0.005102681179220477,0.013076592236757278,,,
778.0,0.005384255727080421,0.01307848934084177,,,
779.0,0.0055283020917947095,0.013094798661768436,0.25239255651831627,,
780.0,0.005376952056152125,0.013087977655231953,,,
781.0,0.005059020856602325,0.013113507069647312,,,
782.0,0.0050538828624929815,0.013108987361192703,,,
783.0,0.005220835246145725,0.013125802390277386,,,
784.0,0.005214233209327277,0.013127495534718037,,,
785.0,0.005033517437728329,0.013143379241228104,,,
786.0,0.005010099222935323,0.013143984600901604,,,
787.0,0.005160250403245704,0.013165540061891079,,,
788.0,0.00525218315448405,0.013159853406250477,,,
789.0,0.005089487018994987,0.013187401928007603,0.24453499354422092,,
790.0,0.004839172145196547,0.013181623071432114,,,
791.0,0.004817555098173519,0.01319823320955038,,,
792.0,0.00495201149644951,0.0132078155875206,,,
793.0,0.005136009287606511,0.013213573023676872,,,
794.0,0.005182555893229114,0.01323299016803503,,,
795.0,0.005063495555271705,0.013232378289103508,,,
796.0,0.004961942934896797,0.013247589580714703,,,
797.0,0.004942175759933889,0.013250516727566719,,,
798.0,0.004940452580598907,0.013252773322165012,,,
799.0,0.004931938428069568,0.013272418640553951,0.24090569280087948,,
800.0,0.004950922927301791,0.013264771550893784,,,
801.0,0.005004601282740218,0.013290686532855034,,,
802.0,0.005077979051404529,0.01328335702419281,,,
803.0,0.005125506138946447,0.013300269842147827,,,
804.0,0.005120954682222671,0.013304916210472584,,,
805.0,0.005044368730030126,0.013311376795172691,,,
806.0,0.005045090783387423,0.013323187828063965,,,
807.0,0.005139377904383259,0.013328604400157928,,,
808.0,0.005330072475286821,0.013336662203073502,,,
809.0,0.005376786029535449,0.013340759091079235,0.24874181672930717,,
810.0,0.005013533827796992,0.013355221599340439,,,
811.0,0.004861631545289937,0.013351832516491413,,,
812.0,0.004982186041306704,0.013377603143453598,,,
813.0,0.005086096370747934,0.013369203545153141,,,
814.0,0.005058244320615712,0.013397116214036942,,,
815.0,0.005115692749516004,0.013385208323597908,,0.5658203959465027,0.3296785056591034
816.0,0.005339577721380111,0.013410513289272785,,,
817.0,0.005372371901499314,0.013407009653747082,,,
818.0,0.004878895106052773,0.013420778326690197,,,
819.0,0.004773546585864905,0.013432754203677177,0.23822298645973206,,
820.0,0.005035774149776747,0.013428444974124432,,,
821.0,0.0051255706645962264,0.013455362059175968,,,
822.0,0.005028700627024389,0.013445603661239147,,,
823.0,0.004877597763099604,0.01346705760806799,,,
824.0,0.0048724589463219874,0.013472173362970352,,,
825.0,0.004940992730359237,0.013473134487867355,,,
826.0,0.0049201843005398085,0.013494697399437428,,,
827.0,0.004834281777859562,0.013487226329743862,,,
828.0,0.004737737716382576,0.013512920588254929,,,
829.0,0.0046726938140475086,0.013511848635971546,0.2360137328505516,,
830.0,0.004693072628126376,0.013522913679480553,,,
831.0,0.004800079744050487,0.013537345454096794,,,
832.0,0.004979231467004865,0.013535046018660069,,,
833.0,0.005077245700587001,0.013558498583734035,,,
834.0,0.005021461518740075,0.013552464544773102,,,
835.0,0.004872183750073115,0.013572199270129204,,,
836.0,0.004996043952026715,0.013572066091001034,,,
837.0,0.005301380125650515,0.013579457998275757,,,
838.0,0.005355792475036449,0.013585017062723637,,,
839.0,0.004994689004185299,0.013596120290458202,0.24122684448957443,,
840.0,0.004814183765556663,0.013595820404589176,,,
841.0,0.004844127871199614,0.013616667129099369,,,
842.0,0.004800272914839702,0.01361311599612236,,,
843.0,0.004699122993689444,0.013634514063596725,,,
844.0,0.004674985390673909,0.01363331638276577,,,
845.0,0.004792128079829531,0.013652722351253033,,,
846.0,0.005031292086932808,0.01364835537970066,,,
847.0,0.005230541436208619,0.01367044635117054,,,
848.0,0.005102300939098414,0.01366446539759636,,,
849.0,0.0047735770721919835,0.013683713972568512,0.23746885918080807,,
850.0,0.004733938505200462,0.013684905134141445,,,
851.0,0.004942217461195671,0.013693948276340961,,,
852.0,0.005076919976207945,0.01370252389460802,,,
853.0,0.005033375854707427,0.013712133280932903,,,
854.0,0.004867429775703284,0.013713689520955086,,,
855.0,0.004777923146417985,0.013730879873037338,,,
856.0,0.004772354561525086,0.013725927099585533,,,
857.0,0.004777694410747952,0.013754552230238914,,,
858.0,0.004811654423053066,0.01374061033129692,,,
859.0,0.0048529441134693724,0.013770380057394505,0.23677059449255466,,
860.0,0.004897743874850372,0.013760970905423164,,,
861.0,0.004940639374156793,0.013776692561805248,,,
862.0,0.00499383865415843,0.013781310059130192,,0.5824460983276367,0.3113405704498291
863.0,0.005010420923224753,0.01378300879150629,,,
864.0,0.00497820662205211,0.013798244297504425,,,
865.0,0.004905614010575745,0.01379656046628952,,,
866.0,0.0046965604433272445,0.013814335688948631,,,
867.0,0.004618247279690371,0.01381790079176426,,,
868.0,0.0046501023094687195,0.013831444084644318,,,
869.0,0.004745849591628131,0.013838617131114006,0.23458782210946083,,
870.0,0.004792555120980574,0.013848667033016682,,,
871.0,0.004726573152001947,0.013858526945114136,,,
872.0,0.0046141693272834855,0.013863805681467056,,,
873.0,0.004570527604729351,0.013878624886274338,,,
874.0,0.004701162999651084,0.013874311000108719,,,
875.0,0.005008695368758506,0.013897741213440895,,,
876.0,0.005177589249797165,0.013888929970562458,,,
877.0,0.0049432802109772135,0.013912120833992958,,,
878.0,0.004620444842665974,0.013905319385230541,,,
879.0,0.00461079558202376,0.01392331812530756,0.23237312398850918,,
880.0,0.004749629441390021,0.013925042003393173,,,
881.0,0.004769165665687372,0.0139415068551898,,,
882.0,0.004712547226550265,0.013936548493802547,,,
883.0,0.004757091739318437,0.013956187292933464,,,
884.0,0.004953538280808263,0.013951301574707031,,,
885.0,0.005213718296080414,0.013961204327642918,,,
886.0,0.005162217225879431,0.013968129642307758,,,
887.0,0.004776415736155792,0.01396931428462267,,,
888.0,0.004546329881737215,0.013988655991852283,,,
889.0,0.004625015712808818,0.013986448757350445,0.23380880244076252,,
890.0,0.004796351077448991,0.014000838622450829,,,
891.0,0.004853178109301047,0.014006638899445534,,,
892.0,0.004727956872278204,0.014015617780387402,,,
893.0,0.004615331114683714,0.01402424369007349,,,
894.0,0.004701079731651892,0.014030585065484047,,,
895.0,0.004934909403220647,0.014038770459592342,,,
896.0,0.005047109083841659,0.014045365154743195,,,
897.0,0.004808908541842054,0.014051862061023712,,,
898.0,0.004592226491464923,0.014059202745556831,,,
899.0,0.004550881219199962,0.014072595164179802,0.23098553158342838,,
900.0,0.004616493094815976,0.01407410204410553,,,
901.0,0.0046580568028406965,0.014096042141318321,,,
902.0,0.004636580497026444,0.014088260941207409,,,
903.0,0.004637146937246952,0.014116859063506126,,,
904.0,0.004796803240767784,0.01410320308059454,,,
905.0,0.0049179770624161595,0.014131920412182808,,,
906.0,0.004792331426870078,0.014123075641691685,,,
907.0,0.0045196868784518705,0.014140712097287178,,,
908.0,0.004510298085450712,0.014146135188639164,,,
909.0,0.004740865593517406,0.014151972718536854,0.2347983755171299,0.5777230858802795,0.3056514859199524
910.0,0.004947902109836125,0.01416007336229086,,,
911.0,0.004858996739300589,0.01417169626802206,,,
912.0,0.0045644746371544895,0.014167862944304943,,,
913.0,0.004563389748800546,0.01418850477784872,,,
914.0,0.004747895030304789,0.01418129913508892,,,
915.0,0.004784666148738729,0.014200923964381218,,,
916.0,0.004653742810866485,0.014203718863427639,,,
917.0,0.00457540492216746,0.014203890226781368,,,
918.0,0.004693636825929086,0.01422459352761507,,,
919.0,0.004869525477600594,0.014214875176548958,0.2375886719673872,,
920.0,0.00478141277614567,0.014241291210055351,,,
921.0,0.004584103474238267,0.0142335444688797,,,
922.0,0.004498981857775814,0.014252765104174614,,,
923.0,0.004598385334635774,0.014251848682761192,,,
924.0,0.0047029442795448835,0.014266740530729294,,,
925.0,0.004671488112200879,0.014266276732087135,,,
926.0,0.004572295272050219,0.014280236326158047,,,
927.0,0.004513833538577375,0.014281578361988068,,,
928.0,0.004506922366045829,0.014292172156274319,,,
929.0,0.004523245270829648,0.014302919618785381,0.23011950589716434,,
930.0,0.004516577886210548,0.014303683303296566,,,
931.0,0.004521518492450317,0.014324328862130642,,,
932.0,0.004578472263852341,0.014315675012767315,,,
933.0,0.004690367778142294,0.014338996261358261,,,
934.0,0.004746154428770145,0.014334823936223984,,,
935.0,0.004736280994127608,0.014342576265335083,,,
936.0,0.004718267346939279,0.014359377324581146,,,
937.0,0.004769778327188558,0.014344903640449047,,,
938.0,0.004831896903148542,0.014376873150467873,,,
939.0,0.004787993975397613,0.01436606328934431,0.2345719374716282,,
940.0,0.004645072950257195,0.014385879039764404,,,
941.0,0.004568905484500445,0.014390558004379272,,,
942.0,0.004520579886933168,0.01439184695482254,,,
943.0,0.004504532160806573,0.014407341368496418,,,
944.0,0.004478013634474741,0.014410566538572311,,,
945.0,0.004454668113030493,0.014419084414839745,,,
946.0,0.0044556771573196685,0.01443262118846178,,,
947.0,0.0044454796348388,0.014436740428209305,,,
948.0,0.004469029047112498,0.014447959139943123,,,
949.0,0.0045593357908849915,0.01445288211107254,0.230135977268219,,
950.0,0.0046403730588240755,0.01446304190903902,,,
951.0,0.004705319813349181,0.014467531815171242,,,
952.0,0.004623996696641875,0.014481071382761002,,,
953.0,0.0044655066868290304,0.014480805024504662,,,
954.0,0.004354997162138008,0.0144955450668931,,,
955.0,0.00439503154432815,0.01449546217918396,,,
956.0,0.004526914375213285,0.014505603350698948,,,
957.0,0.00460608777952277,0.01451521459966898,,0.5775840878486633,0.30262312293052673
958.0,0.004628626250972351,0.01451648585498333,,,
959.0,0.004557242596573714,0.014533676207065582,0.22962458990514278,,
960.0,0.00450735330581665,0.01452973484992981,,,
961.0,0.004510526237233231,0.01454425323754549,,,
962.0,0.004492065570472429,0.014548853039741516,,,
963.0,0.004514098592464709,0.014549325220286846,,,
964.0,0.004535932614881959,0.014567200094461441,,,
965.0,0.00449292824888188,0.014561189338564873,,,
966.0,0.004486494077783492,0.014581616967916489,,,
967.0,0.004533997422808574,0.014578527770936489,,,
968.0,0.004677651981667926,0.014591268263757229,,,
969.0,0.00479840338592314,0.014595303684473038,0.23481354489922523,,
970.0,0.004519083271734416,0.014606486074626446,,,
971.0,0.004291120106354356,0.01460946537554264,,,
972.0,0.004319995980865012,0.014626042917370796,,,
973.0,0.004468859214749601,0.01462361216545105,,,
974.0,0.004566389821055863,0.014644019305706024,,,
975.0,0.00452101758784718,0.014636154286563396,,,
976.0,0.004556436391236881,0.014658387750387192,,,
977.0,0.004694755639777415,0.014650344848632812,,,
978.0,0.004622095240693953,0.01467536948621273,,,
979.0,0.004432137885596603,0.014666375704109669,0.22776030376553535,,
980.0,0.004418045678434687,0.014685424976050854,,,
981.0,0.004708393971021805,0.014680868946015835,,,
982.0,0.00494650197111898,0.014693216420710087,,,
983.0,0.004754708959824509,0.014696219936013222,,,
984.0,0.004350808826792571,0.014701936393976212,,,
985.0,0.004303127457129045,0.014713107608258724,,,
986.0,0.004503306529174248,0.014717897400259972,,,
987.0,0.00472598703759205,0.014723772183060646,,,
988.0,0.004740861029260688,0.014734862372279167,,,
989.0,0.004474745287249486,0.014735911972820759,0.22895025834441185,,
990.0,0.004355211358051747,0.014749390073120594,,,
991.0,0.004420613688158079,0.014750272035598755,,,
992.0,0.004501566781351963,0.014763904735445976,,,
993.0,0.0044529557623900476,0.014765690080821514,,,
994.0,0.004293009371289776,0.014782639220356941,,,
995.0,0.004227805486104141,0.014781367965042591,,,
996.0,0.004308566320946233,0.014799699187278748,,,
997.0,0.0045028414789380295,0.014796270057559013,,,
998.0,0.004592335040732805,0.014814849011600018,,,
999.0,0.004438073547401776,0.014812029898166656,0.22687963396310806,,
1000.0,0.004192690098037322,0.014828069135546684,,,
1001.0,0.004116133252779643,0.014830334112048149,,,
1002.0,0.004198810414980269,0.014841269701719284,,,
1003.0,0.004383003028989252,0.014848279766738415,,,
1004.0,0.004572608758591943,0.014859916642308235,,0.5964437127113342,0.3120979070663452
1005.0,0.004565370003692806,0.01486596092581749,,,
1006.0,0.004355542971752584,0.014875445514917374,,,
1007.0,0.004230667126830667,0.014877463690936565,,,
1008.0,0.004228873506654054,0.014886929653584957,,,
1009.0,0.004279439080920484,0.014890610240399837,0.2239169254899025,,
1010.0,0.004301518342302491,0.01490146666765213,,,
1011.0,0.004289338990735511,0.014906538650393486,,,
1012.0,0.004323460479111721,0.014913083985447884,,,
1013.0,0.004431714990383221,0.01492818258702755,,,
1014.0,0.004665553263492055,0.01491999439895153,,,
1015.0,0.00476502036029059,0.014949383214116096,,,
1016.0,0.0046432409647645225,0.01493137888610363,,,
1017.0,0.004416988013674401,0.01495823822915554,,,
1018.0,0.004478552280925214,0.01495449896901846,,,
1019.0,0.004590383090285791,0.014956449158489704,0.22855208441615105,,
1020.0,0.004631428491427667,0.01497003436088562,,,
1021.0,0.004506894967053085,0.01496678963303566,,,
1022.0,0.004276581912611922,0.014979532919824123,,,
1023.0,0.004225813368231886,0.014986518770456314,,,
1024.0,0.004397392514575687,0.014987907372415066,,,
1025.0,0.004664070759382513,0.014999390579760075,,,
1026.0,0.004707935703659637,0.015002279542386532,,,
1027.0,0.0044776974188991715,0.015006108209490776,,,
1028.0,0.004257814788983928,0.015019340440630913,,,
1029.0,0.004172051369678229,0.015021305531263351,0.2215899843722582,,
1030.0,0.00416994841536507,0.015033945441246033,,,
1031.0,0.004205442807740635,0.015041223727166653,,,
1032.0,0.004220513730672085,0.015051203779876232,,,
1033.0,0.0041933870863997275,0.015056485310196877,,,
1034.0,0.004170702710851199,0.015070946887135506,,,
1035.0,0.004227932940961586,0.015066063962876797,,,
1036.0,0.0043847531038853855,0.0150896105915308,,,
1037.0,0.00458866591927492,0.015077445656061172,,,
1038.0,0.004517516385919104,0.015103109180927277,,,
1039.0,0.004332455362762428,0.01509353518486023,0.22540945559740067,,
1040.0,0.004216502784596135,0.015108740888535976,,,
1041.0,0.004241326720350319,0.015112695284187794,,,
1042.0,0.00431279540889793,0.01511944830417633,,,
1043.0,0.004405654921817283,0.015125146135687828,,,
1044.0,0.004562248654870524,0.015133238397538662,,,
1045.0,0.004604465537704527,0.015132664702832699,,,
1046.0,0.004521608216584557,0.015148046426475048,,,
1047.0,0.004351133893295708,0.015143409371376038,,,
1048.0,0.00432620090044414,0.015163885429501534,,,
1049.0,0.00443330653063539,0.015155740082263947,0.2270158752799034,,
1050.0,0.004372573240090989,0.015174150466918945,,,
1051.0,0.004211044270131323,0.015175779350101948,,0.5777384042739868,0.3088676929473877
1052.0,0.00417538392616229,0.01517945434898138,,,
1053.0,0.004332347179814759,0.015193232335150242,,,
1054.0,0.004541873970689873,0.015190277248620987,,,
1055.0,0.004484856005033685,0.015206539072096348,,,
1056.0,0.004253707558899704,0.015204417519271374,,,
1057.0,0.004143583661255737,0.015213285572826862,,,
1058.0,0.004193601122177724,0.01522036176174879,,,
1059.0,0.004290755779430684,0.015227234922349453,0.2232380509376526,,
1060.0,0.004335209151678201,0.015234839171171188,,,
1061.0,0.004316404123997523,0.015243315137922764,,,
1062.0,0.004342669686819944,0.01524442620575428,,,
1063.0,0.004392322667408735,0.015253798104822636,,,
1064.0,0.004341326213131348,0.015254013240337372,,,
1065.0,0.004140647790498204,0.015267323702573776,,,
1066.0,0.004002425111571534,0.015268534421920776,,,
1067.0,0.004040150999143306,0.015286936424672604,,,
1068.0,0.004307085824871643,0.01528044044971466,,,
1069.0,0.004682811734318319,0.015301873907446861,0.23086099699139595,,
1070.0,0.00481334007707321,0.01529240608215332,,,
1071.0,0.004347142579499632,0.015314669348299503,,,
1072.0,0.0041502014159535364,0.01531192846596241,,,
1073.0,0.0044084596362275385,0.015320904552936554,,,
1074.0,0.004593937334397601,0.015322965569794178,,,
1075.0,0.004417276512314048,0.015335718169808388,,,
1076.0,0.004150084140451832,0.015333137474954128,,,
1077.0,0.004145729816518724,0.01535436138510704,,,
1078.0,0.004303897496623297,0.015345036052167416,,,
1079.0,0.004327174709437208,0.015371792018413544,0.2248524371534586,,
1080.0,0.0041957242336745065,0.015361259691417217,,,
1081.0,0.004077070694054581,0.015383011661469936,,,
1082.0,0.004154316720604482,0.015377559699118137,,,
1083.0,0.004331535846512351,0.015388273634016514,,,
1084.0,0.004406286988976515,0.015394411981105804,,,
1085.0,0.0042957963181349135,0.015397069975733757,,,
1086.0,0.00415414654986105,0.015413965098559856,,,
1087.0,0.004143769510297312,0.015408912673592567,,,
1088.0,0.004199001991655678,0.01543295755982399,,,
1089.0,0.004182173080690619,0.015423968434333801,0.2200068160891533,,
1090.0,0.0041565508752440415,0.015443885698914528,,,
1091.0,0.004202185366044028,0.01543975155800581,,,
1092.0,0.004267750345429199,0.015454086475074291,,,
1093.0,0.004207118351219429,0.015452897176146507,,,
1094.0,0.004050176560930494,0.015471330843865871,,,
1095.0,0.0039986172165825135,0.01546391285955906,,,
1096.0,0.004094710416264004,0.01548756007105112,,,
1097.0,0.004233717142811252,0.015479597263038158,,0.5806594491004944,0.29437872767448425
1098.0,0.004274291098893931,0.015499726869165897,,,
1099.0,0.0041504263156093655,0.015500335954129696,0.21908416040241718,,
1100.0,0.004088468726258725,0.01550506055355072,,,
1101.0,0.004107638658800473,0.015519887208938599,,,
1102.0,0.004065854080124861,0.015518556348979473,,,
1103.0,0.004046576016892989,0.015529489144682884,,,
1104.0,0.0040971962385810915,0.015536230057477951,,,
1105.0,0.0041741908996159,0.01553663332015276,,,
1106.0,0.004217977232765406,0.0155520960688591,,,
1107.0,0.004179426264535222,0.015546698123216629,,,
1108.0,0.004214796137789058,0.015562010928988457,,,
1109.0,0.004242680447900461,0.015557878650724888,0.22125737182796001,,
1110.0,0.004193772911094129,0.01557525247335434,,,
1111.0,0.004183613147276144,0.015567869879305363,,,
1112.0,0.004261082150300757,0.01558770053088665,,,
1113.0,0.004438138011998187,0.01558119896799326,,,
1114.0,0.004462603841028694,0.015593753196299076,,,
1115.0,0.004327872793138441,0.015598412603139877,,,
1116.0,0.004141809970606119,0.015599582344293594,,,
1117.0,0.004120075133525663,0.015616659075021744,,,
1118.0,0.0042123216375087695,0.015611201524734497,,,
1119.0,0.004181906573940068,0.015631722286343575,0.2205682322382927,,
1120.0,0.0040192848487964105,0.015625489875674248,,,
1121.0,0.003916307187173515,0.0156436525285244,,,
1122.0,0.004007040748838335,0.01564187742769718,,,
1123.0,0.004262449469469074,0.015655403956770897,,,
1124.0,0.00450839206058946,0.015654034912586212,,,
1125.0,0.00434460603683773,0.015666555613279343,,,
1126.0,0.004039948692338334,0.015666024759411812,,,
1127.0,0.003924274729150865,0.015675950795412064,,,
1128.0,0.0040163755533285436,0.01568274386227131,,,
1129.0,0.004098091584682051,0.015690257772803307,0.21685107052326202,,
1130.0,0.0040969918344894215,0.01569787785410881,,,
1131.0,0.004031302101082272,0.015703851357102394,,,
1132.0,0.004059910094624178,0.01570838689804077,,,
1133.0,0.004184230930275387,0.015712406486272812,,,
1134.0,0.004260694702518069,0.015719098970294,,,
1135.0,0.004174292089107136,0.015724152326583862,,,
1136.0,0.004052853721142229,0.015728289261460304,,,
1137.0,0.00411409111538281,0.015745097771286964,,,
1138.0,0.004414294492970738,0.015736017376184464,,,
1139.0,0.0045848303989300294,0.015764491632580757,0.22827124781906605,,
1140.0,0.004376393451303658,0.015748601406812668,,,
1141.0,0.003969681840131266,0.015774505212903023,,,
1142.0,0.003951649839938101,0.01577257364988327,,,
1143.0,0.004092915020365682,0.01577378436923027,,0.5786241292953491,0.2963807284832001
1144.0,0.004091792729838441,0.01579313538968563,,,
1145.0,0.004018669314941184,0.015786360949277878,,,
1146.0,0.004021686958666477,0.015806544572114944,,,
1147.0,0.004106594473640952,0.015801724046468735,,,
1148.0,0.004173823587544676,0.015809958800673485,,,
1149.0,0.004119720777962357,0.015821214765310287,0.21835784055292606,,
1150.0,0.004133415100837333,0.015812579542398453,,,
1151.0,0.004210141366606371,0.01583505980670452,,,
1152.0,0.004107373655101078,0.015828987583518028,,,
1153.0,0.0039952511759474875,0.01583814062178135,,,
1154.0,0.0039822158279518285,0.015849975869059563,,,
1155.0,0.004083156251969437,0.015846258029341698,,,
1156.0,0.004185560464652048,0.015861695632338524,,,
1157.0,0.004159119184542861,0.015864741057157516,,,
1158.0,0.0041192485239460236,0.01586456596851349,,,
1159.0,0.00412824408047729,0.01588144525885582,0.2179910922423005,,
1160.0,0.00417651449304281,0.015875300392508507,,,
1161.0,0.004224103687382821,0.015889892354607582,,,
1162.0,0.0041878942283801734,0.015894168987870216,,,
1163.0,0.004055624447193824,0.015896370634436607,,,
1164.0,0.003935566575835562,0.015911471098661423,,,
1165.0,0.003931883212385906,0.01590896025300026,,,
1166.0,0.004032540101971891,0.01592463254928589,,,
1167.0,0.004102105867479824,0.015923120081424713,,,
1168.0,0.004043682110237165,0.01593976467847824,,,
1169.0,0.003934121321265896,0.01593458279967308,0.2154496032744646,,
1170.0,0.003902809226161076,0.015954140573740005,,,
1171.0,0.004058713504216737,0.0159460362046957,,,
1172.0,0.004296220711742838,0.015964101999998093,,,
1173.0,0.004282043990937786,0.015960007905960083,,,
1174.0,0.004015301475560086,0.0159748662263155,,,
1175.0,0.0038138888872021603,0.015976326540112495,,,
1176.0,0.0038519622512265214,0.01598506234586239,,,
1177.0,0.004018218961233894,0.015991659834980965,,,
1178.0,0.004122419060052683,0.016000255942344666,,,
1179.0,0.0040535778089219494,0.016006428748369217,0.21638965513557196,,
1180.0,0.0039014334914584956,0.016013748943805695,,,
1181.0,0.003826496837298489,0.016015395522117615,,,
1182.0,0.0038532699127164153,0.016028760001063347,,,
1183.0,0.003977307985640235,0.01602231338620186,,,
1184.0,0.004180181114675684,0.01604474149644375,,,
1185.0,0.0043420002218853265,0.016033437103033066,,,
1186.0,0.00419855239878719,0.016055099666118622,,,
1187.0,0.003980540380451,0.01604865863919258,,,
1188.0,0.003944638376382904,0.016054227948188782,,,
1189.0,0.0040374587214965785,0.016067227348685265,0.21662908233702183,,
1190.0,0.0041108966556688145,0.016059843823313713,,0.5806188583374023,0.28873834013938904
1191.0,0.0040356487710960206,0.01608440838754177,,,
1192.0,0.0039154891343787315,0.016072532162070274,,,
1193.0,0.0038577453424740167,0.016096245497465134,,,
1194.0,0.0038869771940840615,0.016087688505649567,,,
1195.0,0.003989255990470863,0.016104379668831825,,,
1196.0,0.004100912503846404,0.016103334724903107,,,
1197.0,0.00409549590277796,0.01611265167593956,,,
1198.0,0.004051955526487695,0.016116930171847343,,,
1199.0,0.004015087653727581,0.016121525317430496,0.21460897382348776,,
1200.0,0.004112142637475497,0.016128839924931526,,,
1201.0,0.0042245066000355614,0.016133440658450127,,,
1202.0,0.004091840685448713,0.01614060066640377,,,
1203.0,0.003943804864668184,0.01614402048289776,,,
1204.0,0.003894752031709585,0.016154997050762177,,,
1205.0,0.003964154634159059,0.016157878562808037,,,
1206.0,0.003972952602327698,0.016169624403119087,,,
1207.0,0.003829651069568677,0.016175733879208565,,,
1208.0,0.0037246828482279345,0.016174815595149994,,,
1209.0,0.0037476612837053836,0.016195889562368393,0.21065176837146282,,
1210.0,0.00391510413830272,0.01617932692170143,,,
1211.0,0.0041952648138006525,0.01620851270854473,,,
1212.0,0.004426352250544975,0.01619543693959713,,,
1213.0,0.004209094385926922,0.016212182119488716,,,
1214.0,0.0038486437471066085,0.016218923032283783,,,
1215.0,0.0038191120186820628,0.016208412125706673,,,
1216.0,0.0040028106103030345,0.01623229682445526,,,
1217.0,0.00415478784383999,0.016226639971137047,,,
1218.0,0.0040506225340585745,0.01623855158686638,,,
1219.0,0.0039029527292586863,0.016247369349002838,0.21340540517121553,,
1220.0,0.003882795181901505,0.016239920631051064,,,
1221.0,0.0039359545806008905,0.016260454431176186,,,
1222.0,0.004030367612269604,0.016253069043159485,,,
1223.0,0.004015336389808605,0.016268828883767128,,,
1224.0,0.003933241896900452,0.016270549967885017,,,
1225.0,0.003856506490976446,0.01627495512366295,,,
1226.0,0.0039547791285440325,0.016285954043269157,,,
1227.0,0.004195989090949297,0.01628326252102852,,,
1228.0,0.004297968604498439,0.016296278685331345,,,
1229.0,0.0041092062286204765,0.016294825822114944,0.21866711508482695,,
1230.0,0.003752698046155274,0.016303982585668564,,,
1231.0,0.0036775561241019104,0.01631130464375019,,,
1232.0,0.0038228072471813194,0.016318773850798607,,,
1233.0,0.0040054471935662955,0.016326632350683212,,,
1234.0,0.004024755493737757,0.016337202861905098,,,
1235.0,0.0038309207333562276,0.016338136047124863,,0.5929499268531799,0.29781365394592285
1236.0,0.0037208289270185763,0.01635212078690529,,,
1237.0,0.0037924112568402456,0.016343075782060623,,,
1238.0,0.0039497373656680185,0.016366811469197273,,,
1239.0,0.004092475412051297,0.01635275036096573,0.21687119081616402,,
1240.0,0.004020463974835972,0.016375591978430748,,,
1241.0,0.003884528967448407,0.016369197517633438,,,
1242.0,0.003900696067398207,0.01637698896229267,,,
1243.0,0.004038435088004917,0.01638505794107914,,,
1244.0,0.004111855092924088,0.016383256763219833,,,
1245.0,0.003952922607616832,0.016397938132286072,,,
1246.0,0.0038023970583971178,0.016394009813666344,,,
1247.0,0.0037958498454342287,0.016405580565333366,,,
1248.0,0.0038348861680262618,0.016410229727625847,,,
1249.0,0.003920659610173768,0.01641133427619934,0.21356454119086266,,
1250.0,0.0040428633760246965,0.016425492241978645,,,
1251.0,0.004201987304776493,0.016419952735304832,,,
1252.0,0.004187224751545323,0.016437305137515068,,,
1253.0,0.003823134465039604,0.01643441617488861,,,
1254.0,0.003648878112435341,0.01644076406955719,,,
1255.0,0.0037377069047134785,0.016454199329018593,,,
1256.0,0.003915251445335647,0.016450725495815277,,,
1257.0,0.004031787971552047,0.016470015048980713,,,
1258.0,0.003966890113273015,0.016466252505779266,,,
1259.0,0.003934753061944826,0.01647472195327282,0.21381791774183512,,
1260.0,0.0040106930472474135,0.01647900603711605,,,
1261.0,0.0041054913507671,0.016478335484862328,,,
1262.0,0.004024748399129344,0.016489529982209206,,,
1263.0,0.0038386030800433625,0.016491148620843887,,,
1264.0,0.0037257608145268425,0.016498396173119545,,,
1265.0,0.003786916819970227,0.01651192642748356,,,
1266.0,0.003979556305437453,0.016507040709257126,,,
1267.0,0.004093134295867963,0.016525233164429665,,,
1268.0,0.004015890364535153,0.016519155353307724,,,
1269.0,0.0037622562322455148,0.01653389446437359,0.21000130008906126,,
1270.0,0.003663407201723506,0.01653582975268364,,,
1271.0,0.0037355109029966922,0.01654273271560669,,,
1272.0,0.0038506413333945803,0.01655109040439129,,,
1273.0,0.00392675251674114,0.016554314643144608,,,
1274.0,0.003885177668546223,0.016560805961489677,,,
1275.0,0.003752030520958619,0.01656801626086235,,,
1276.0,0.003698412226771729,0.016568966209888458,,,
1277.0,0.003702474570729666,0.016585735604166985,,,
1278.0,0.0037732531608910195,0.016576873138546944,,,
1279.0,0.003843890571087185,0.016601629555225372,0.2100591966882348,,
1280.0,0.0039298612269986835,0.016588259488344193,,,
1281.0,0.003936596381891933,0.01661398634314537,,,
1282.0,0.003950387061987486,0.01660221815109253,,0.5804917812347412,0.294626384973526
1283.0,0.004010862509150886,0.016618605703115463,,,
1284.0,0.004096526001166138,0.01661931909620762,,,
1285.0,0.00402399329132297,0.01661955937743187,,,
1286.0,0.0038245430728420615,0.016631871461868286,,,
1287.0,0.003716748776949114,0.016626883298158646,,,
1288.0,0.003752811988039563,0.01664477400481701,,,
1289.0,0.0038481115909396774,0.016638560220599174,0.21080972906202078,,
1290.0,0.003908064659529676,0.016652997583150864,,,
1291.0,0.0039008560106675656,0.016652703285217285,,,
1292.0,0.0038060904224403204,0.01665964536368847,,,
1293.0,0.0037247893791128362,0.01667075604200363,,,
1294.0,0.003758743692241195,0.01666940562427044,,,
1295.0,0.003948651366970605,0.01668555475771427,,,
1296.0,0.004169530233678718,0.016683757305145264,,,
1297.0,0.004083043019183808,0.01669650338590145,,,
1298.0,0.0037436932276210025,0.016699032858014107,,,
1299.0,0.003609364816608528,0.016697963699698448,0.20658084470778704,,
1300.0,0.0037170980314517187,0.01671328768134117,,,
1301.0,0.003855287984220518,0.01671171560883522,,,
1302.0,0.0038816473045800294,0.016724837943911552,,,
1303.0,0.0038371321703824734,0.01672547310590744,,,
1304.0,0.003799818926490843,0.016732919961214066,,,
1305.0,0.0038453775424406762,0.016735896468162537,,,
1306.0,0.0038419501729206077,0.016743529587984085,,,
1307.0,0.0038192493631504475,0.016744447872042656,,,
1308.0,0.0037730582317130434,0.016757577657699585,,,
1309.0,0.0036941835152295727,0.016754472628235817,0.20735602267086506,,
1310.0,0.0036759599277542696,0.016768261790275574,,,
1311.0,0.0037230508513231243,0.01677083410322666,,,
1312.0,0.003832896463314278,0.016774630174040794,,,
1313.0,0.0038987335459225708,0.016788655892014503,,,
1314.0,0.0038022477161656653,0.016783488914370537,,,
1315.0,0.003686578186073651,0.016798870638012886,,,
1316.0,0.003637777931160397,0.016796087846159935,,,
1317.0,0.0036956765686368778,0.01680305227637291,,,
1318.0,0.0037878235804641412,0.016812199726700783,,,
1319.0,0.003949590452377581,0.016809122636914253,0.21324386727064848,,
1320.0,0.00405111082105173,0.0168236643075943,,,
1321.0,0.003931864972950684,0.016819501295685768,,,
1322.0,0.0037390318983751866,0.01683208905160427,,,
1323.0,0.0036657344267910555,0.016834838315844536,,,
1324.0,0.0038318591583002774,0.016839606687426567,,,
1325.0,0.004088318148213956,0.016846168786287308,,,
1326.0,0.004130431480395297,0.016850460320711136,,,
1327.0,0.003900344073255029,0.01685226336121559,,,
1328.0,0.003637036248110235,0.016864540055394173,,,
1329.0,0.0036333292934836612,0.01686045527458191,0.2063993038609624,0.5836166143417358,0.2889101803302765
1330.0,0.0037756988442399437,0.016880981624126434,,,
1331.0,0.003921648977427847,0.016869939863681793,,,
1332.0,0.003944740306016886,0.01689392700791359,,,
1333.0,0.003931533863457541,0.016883140429854393,,,
1334.0,0.003822614026721567,0.016901368275284767,,,
1335.0,0.0037422508999912277,0.01689976081252098,,,
1336.0,0.003689489784495284,0.016908416524529457,,,
1337.0,0.0037109028317758607,0.016911249607801437,,,
1338.0,0.0037612847378477453,0.016918979585170746,,,
1339.0,0.003843533347050349,0.0169181227684021,0.21032268647104502,,
1340.0,0.003906258969412496,0.01693044602870941,,,
1341.0,0.0038992469819883508,0.016928421333432198,,,
1342.0,0.0037584340771556726,0.016943015158176422,,,
1343.0,0.0036502430057670505,0.016940811648964882,,,
1344.0,0.003610674739401374,0.01695295237004757,,,
1345.0,0.0036780216022291117,0.01695180870592594,,,
1346.0,0.003804729789133287,0.016965463757514954,,,
1347.0,0.003913166722696688,0.01696016825735569,,,
1348.0,0.003830400521142615,0.01697881892323494,,,
1349.0,0.0036751426176892385,0.016973227262496948,0.20654080528765917,,
1350.0,0.003629467004082269,0.016983909532427788,,,
1351.0,0.0036838041113999983,0.016989732161164284,,,
1352.0,0.0038266064436174928,0.016985740512609482,,,
1353.0,0.0039093991247419685,0.01700189709663391,,,
1354.0,0.0038689436652283703,0.016995372250676155,,,
1355.0,0.0036885266391456957,0.01700967736542225,,,
1356.0,0.003546638857935452,0.01701652631163597,,,
1357.0,0.0035828659885252514,0.017011336982250214,,,
1358.0,0.0037160480281131134,0.01703554019331932,,,
1359.0,0.003827255977472911,0.017020482569932938,0.2095710327848792,,
1360.0,0.003791476650836153,0.017048342153429985,,,
1361.0,0.003740444112724314,0.01703556813299656,,,
1362.0,0.003779025002537916,0.0170504879206419,,,
1363.0,0.0039406783188072345,0.017049863934516907,,,
1364.0,0.004000461120417135,0.01705266535282135,,,
1365.0,0.0038389060309984616,0.017061501741409302,,,
1366.0,0.0036019525847708184,0.017061570659279823,,,
1367.0,0.0035466706375074054,0.017073979601264,,,
1368.0,0.00366143829577292,0.017074180766940117,,,
1369.0,0.0037966124770335025,0.01708477921783924,0.2089968165382743,,
1370.0,0.003863608675181038,0.01708412915468216,,,
1371.0,0.0038270842568534943,0.017093362286686897,,,
1372.0,0.0037882627870163155,0.017092473804950714,,,
1373.0,0.0037128509229256046,0.017104798927903175,,,
1374.0,0.0036742428651389976,0.017102839425206184,,,
1375.0,0.003663275260736959,0.017115160822868347,,0.5949912667274475,0.2931100130081177
1376.0,0.0036654454762012592,0.01711561344563961,,,
1377.0,0.0037206366112352246,0.017122523859143257,,,
1378.0,0.003763702872674912,0.01713154837489128,,,
1379.0,0.003844160110068818,0.017127668485045433,0.21020598523318768,,
1380.0,0.0038728708036554356,0.017145060002803802,,,
1381.0,0.0037531849597063328,0.0171369519084692,,,
1382.0,0.003606128504551533,0.017151737585663795,,,
1383.0,0.003526757370111429,0.017153838649392128,,,
1384.0,0.003611127640793307,0.017156584188342094,,,
1385.0,0.0037809605531704924,0.017172113060951233,,,
1386.0,0.003916555471821791,0.017165355384349823,,,
1387.0,0.003793402827448315,0.017186211422085762,,,
1388.0,0.003570781104111423,0.017175285145640373,,,
1389.0,0.0034748063989294073,0.01719358190894127,0.20230993162840605,,
1390.0,0.0035430995936298537,0.01719105802476406,,,
1391.0,0.0036978461577867466,0.017203036695718765,,,
1392.0,0.0038636460362209213,0.017206786200404167,,,
1393.0,0.003857284483448085,0.01721540093421936,,,
1394.0,0.003690284254391574,0.017217125743627548,,,
1395.0,0.0035234522046003903,0.017224421724677086,,,
1396.0,0.0034789150285845,0.017224594950675964,,,
1397.0,0.0035254008817072542,0.017238738015294075,,,
1398.0,0.0036550600107552278,0.017231060191988945,,,
1399.0,0.0038103085024178856,0.017253493890166283,0.2087552212178707,,
1400.0,0.003908697686985963,0.01723981462419033,,,
1401.0,0.003809070234031727,0.017263060435652733,,,
1402.0,0.003666337140991042,0.017255032435059547,,,
1403.0,0.003670701263213737,0.017265837639570236,,,
1404.0,0.0038019753803706004,0.017269833013415337,,,
1405.0,0.0038904795725829898,0.017271216958761215,,,
1406.0,0.0038410552355667782,0.01727740466594696,,,
1407.0,0.003700689450941152,0.017280105501413345,,,
1408.0,0.0035849255095753403,0.017286578193306923,,,
1409.0,0.0035133894628638193,0.01729496382176876,0.20279026962816715,,
1410.0,0.003508046605469038,0.01729745604097843,,,
1411.0,0.003550446400832799,0.01731298677623272,,,
1412.0,0.003658164885515968,0.017306601628661156,,,
1413.0,0.0037344126687902544,0.017327742651104927,,,
1414.0,0.00374044171663829,0.01732061803340912,,,
1415.0,0.003704723186739203,0.01733376458287239,,,
1416.0,0.003605587020671616,0.01734035648405552,,,
1417.0,0.0035784259805869724,0.01733359508216381,,,
1418.0,0.0036101017711270187,0.017356054857373238,,,
1419.0,0.0036538716491001347,0.017342204228043556,0.20525032747536898,,
1420.0,0.0037328346591028903,0.01735871098935604,,,
1421.0,0.0037597060687322584,0.017357179895043373,,,
1422.0,0.0037423623725771904,0.017358841374516487,,0.5995051264762878,0.29126909375190735
